<Ticker>,<DTYYYYMMDD>,<Open>,<High>,<Low>,<Close>,<Volume>
VIC,20210219,109,109.5,107,109,1433200
VIC,20210218,110,110,106.1,110,1434400
VIC,20210217,108,108,106.2,108,1253600
VIC,20210209,106.2,106.5,101.5,106.2,1758000
VIC,20210208,101,107.8,101,101,3422500
VIC,20210205,105,107.5,105,107.5,922900
VIC,20210204,107.4,107.5,102,105,1022400
VIC,20210203,105,108,105,107.5,1698900
VIC,20210202,99,105.9,99,105.9,1771200
VIC,20210201,99,103,98.8,99,1340000
VIC,20210129,92.5,99.5,92.5,99.4,1692900
VIC,20210128,94.3,96,93,93,1742900
VIC,20210127,101.5,103,99.5,100,1488900
VIC,20210126,104.8,105,99.6,101.5,1028600
VIC,20210125,105,105.8,104.1,104.8,827300
VIC,20210122,105.1,106.5,105,105,1094200
VIC,20210121,105.1,105.2,103,105.1,1564600
VIC,20210120,103,105,102.5,103.3,1875500
VIC,20210119,110.3,110.3,102.6,102.7,1367600
VIC,20210118,112,112.1,110.1,110.3,826900
VIC,20210115,111.4,112.2,109.8,111.2,1238000
VIC,20210114,111.5,112.3,110,110.4,1439100
VIC,20210113,114.4,114.6,111.1,111.1,1237900
VIC,20210112,116,116,113.7,114.4,981100
VIC,20210111,112.8,114.6,112.8,113.8,1536700
VIC,20210108,110.1,112.7,110.1,111.8,1348700
VIC,20210107,110.4,111,109,110.1,862300
VIC,20210106,110,110.5,108.9,110.2,1283000
VIC,20210105,107.2,109.9,107.2,109.7,1192200
VIC,20210104,108.5,109,106.5,108,991100
VIC,20201231,108.5,109.3,105.5,108.2,656040
VIC,20201230,108.5,109.6,106.7,108.5,1528950
VIC,20201229,106.1,106.6,105.8,106.5,612360
VIC,20201228,105.9,106.6,105.4,105.9,711710
VIC,20201225,105.7,106.4,105,105.9,370300
VIC,20201224,107,107,104,105.7,831440
VIC,20201223,105.7,107,105.4,105.7,701430
VIC,20201222,106,107.5,105.3,105.7,518320
VIC,20201221,105.5,106.4,104.9,106.4,587100
VIC,20201218,104.7,106.1,104.5,104.7,1350780
VIC,20201217,107,107,104.6,104.7,1352580
VIC,20201216,106.8,107.1,105.9,107,756200
VIC,20201215,108.9,108.9,106.7,107,1205700
VIC,20201214,106.7,108.9,105.5,108.9,1122380
VIC,20201211,104.9,106.8,104.9,106.8,569360
VIC,20201210,106,107,104.9,104.9,979550
VIC,20201209,105,106,104.4,106,789790
VIC,20201208,105.8,105.8,104.8,105,747280
VIC,20201207,106,106,105.1,105.8,678660
VIC,20201204,105.8,106.5,104.5,105.8,797060
VIC,20201203,105,105.8,104.3,105.8,731750
VIC,20201202,104.9,105.5,104.2,105,497910
VIC,20201201,105,105,102.8,105,953230
VIC,20201130,105.2,105.5,103.8,103.9,1596840
VIC,20201127,106,106.1,104.8,105.2,720830
VIC,20201126,105,106.2,104.5,106.1,545450
VIC,20201125,105.6,106.2,104.1,105.6,1222490
VIC,20201124,103.9,105,103.1,104,812220
VIC,20201123,104,105.1,103.1,103.8,735650
VIC,20201120,104.5,104.5,103.4,103.8,533840
VIC,20201119,104.8,104.8,103,104,1192700
VIC,20201118,106,106,103,104.9,751270
VIC,20201117,103,106,102.2,106,862320
VIC,20201116,107.4,108.5,100,102,1781800
VIC,20201113,106.8,108,106.1,107.4,535350
VIC,20201112,105.8,106.8,105,106.8,682660
VIC,20201111,105.6,106,103,105.8,1032780
VIC,20201110,106.5,107.2,105.6,105.6,781980
VIC,20201109,105.1,106.2,104.7,106.1,803680
VIC,20201106,106,106,104.5,105.1,592830
VIC,20201105,104.2,106.9,104,104.5,789860
VIC,20201104,104.3,104.4,103,103.5,495340
VIC,20201103,107,107,104.4,104.4,751070
VIC,20201102,106.5,107,105,106.5,691110
VIC,20201030,101.5,106.5,100.7,106.5,972400
VIC,20201029,100.2,103,100,100.7,1327780
VIC,20201028,105.7,107,98.8,100.2,1184890
VIC,20201027,107,107.1,104,105.7,804020
VIC,20201026,109,109.5,104.9,105.1,974720
VIC,20201023,100.2,104.9,100,104,1761080
VIC,20201022,97,100.1,96.8,100.1,621610
VIC,20201021,97.8,97.9,96.7,97.3,172010
VIC,20201020,97.4,97.9,95.8,97.8,511250
VIC,20201019,97.8,97.9,97.4,97.7,370590
VIC,20201016,98.1,98.1,96.9,97.6,596590
VIC,20201015,95.1,97.5,91,97.5,1358580
VIC,20201014,94.1,95,94,95,389260
VIC,20201013,93.9,94.1,93.4,94.1,271990
VIC,20201012,93.6,94,92.5,93.9,326290
VIC,20201009,92.3,93.7,92.3,93.6,309580
VIC,20201008,92,92.9,91.5,92.3,216990
VIC,20201007,91.5,93.5,91,92.5,381520
VIC,20201006,93.3,93.3,91.8,91.8,521190
VIC,20201005,94,94,92,93.3,90450
VIC,20201002,92.5,94,92,94,400770
VIC,20201001,91.9,93.4,91.9,92.5,212510
VIC,20200930,91.5,93.4,91.5,91.5,417360
VIC,20200929,94,94,91.5,91.5,394490
VIC,20200928,93,94.2,92.8,92.8,202840
VIC,20200925,94.5,94.8,92.8,92.8,412210
VIC,20200924,93.8,95.5,93,93,388940
VIC,20200923,95,95.7,94.5,94.5,111830
VIC,20200922,96,96.2,94.6,94.6,505230
VIC,20200921,94,96,94,96,571860
VIC,20200918,95,95.4,93.5,94,1089310
VIC,20200917,93.1,95.5,93,94,833870
VIC,20200916,94.9,95.5,93.1,95.5,544300
VIC,20200915,93.2,95,93.2,95,983560
VIC,20200914,91.3,93.6,91.2,93.1,608930
VIC,20200911,90,92.3,89.9,91.1,411350
VIC,20200910,91,92.5,90.5,90.5,421160
VIC,20200909,90.4,92.4,89.4,90.5,865880
VIC,20200908,91.6,92.5,90.5,90.5,622290
VIC,20200907,94,95.3,91.5,91.5,465400
VIC,20200904,94.5,95.5,93.3,94,825960
VIC,20200903,93.5,95.6,92.7,94.5,1037080
VIC,20200901,90.2,94,89.9,92.7,675310
VIC,20200831,90,91.5,90,90,276580
VIC,20200828,91.3,92.3,89.9,89.9,636020
VIC,20200827,90.1,91,90.1,91,437950
VIC,20200826,90.8,91.2,90,91,547280
VIC,20200825,89,91.9,89,91,1074660
VIC,20200824,86.5,89,86.5,89,1052840
VIC,20200821,86,86.9,85.9,86.1,376790
VIC,20200820,86.6,87.2,86,86,990220
VIC,20200819,86.5,87.6,86.5,86.5,347140
VIC,20200818,87.3,87.7,86.2,86.5,772670
VIC,20200817,87.7,88.5,86.8,87.7,376200
VIC,20200814,88,89,87.4,87.4,654070
VIC,20200813,88.5,89,87.5,88,458680
VIC,20200812,87.5,88.5,87.4,87.4,302330
VIC,20200811,89.2,89.2,87.5,87.5,215330
VIC,20200810,88,89.9,87.4,88.2,542550
VIC,20200807,87.6,88.2,87.3,87.5,182500
VIC,20200806,88,88.2,87.1,87.5,332340
VIC,20200805,88,88.5,84.8,87,434490
VIC,20200804,88.7,88.7,87.4,88,229230
VIC,20200803,85,88.1,85,87.6,164310
VIC,20200731,84,90,83.8,87.5,939040
VIC,20200730,83.5,85.5,83.5,85.1,242030
VIC,20200729,84,85,83,83.5,379370
VIC,20200728,85,87,79.9,85.2,534300
VIC,20200727,83.9,86,82.9,85,825080
VIC,20200724,89.9,90,84,88,674430
VIC,20200723,90,90.3,89.5,90,181680
VIC,20200722,90,91,89.8,89.8,202110
VIC,20200721,91.2,91.2,90.2,90.2,220660
VIC,20200720,90.2,91.4,90.2,90.2,222400
VIC,20200717,91.5,92,91,91.5,214530
VIC,20200716,90.9,93,90.6,93,328050
VIC,20200715,91.7,91.7,90.5,90.5,384240
VIC,20200714,91.3,91.8,90.2,91.3,340990
VIC,20200713,91.5,91.6,91,91.3,349810
VIC,20200710,91,92,91,91.4,193330
VIC,20200709,90.8,91.8,90.7,91,399710
VIC,20200708,90.8,91.5,90.1,90.8,187450
VIC,20200707,91.5,92.2,91,91,336860
VIC,20200706,90.2,91.9,90.2,91.4,284020
VIC,20200703,90.9,91,89.9,90.2,163320
VIC,20200702,90.6,91.1,89.5,89.9,420700
VIC,20200701,90.5,91.5,89,91,92060
VIC,20200630,91,91,89,89,350550
VIC,20200629,91.5,91.9,89,89,359370
VIC,20200626,93.5,94.4,91.5,91.5,222240
VIC,20200625,93.3,94.4,92.8,93.4,169470
VIC,20200624,94.5,95.1,94,94.7,214320
VIC,20200623,96.2,96.3,94.2,94.2,432630
VIC,20200622,97,97,95.2,96.9,508020
VIC,20200619,91,97.3,91,97.3,1840100
VIC,20200618,91.9,92.5,90.9,91,312850
VIC,20200617,93,93.4,90.5,91.9,380880
VIC,20200616,91.5,94.8,89.9,93.4,658480
VIC,20200615,93,93,89,89,791710
VIC,20200612,90,92.5,89.9,91.8,875940
VIC,20200611,95.6,96.2,93,93,761540
VIC,20200610,96.2,96.2,95.4,95.6,488490
VIC,20200609,97,97,96.1,96.2,318400
VIC,20200608,96,97.6,95.2,96,482180
VIC,20200605,96,96.2,95,95,525870
VIC,20200604,96.8,96.8,96,96,550740
VIC,20200603,96.5,96.8,95.5,96.8,466430
VIC,20200602,97.2,97.2,96.5,96.7,501700
VIC,20200601,97,97.2,96.5,97.2,481490
VIC,20200529,97,97.5,96.6,97,493500
VIC,20200528,96.9,97.5,96.3,97,314790
VIC,20200527,96.9,97.9,96.5,96.9,591440
VIC,20200526,97,97.5,96.4,96.9,360000
VIC,20200525,96.2,97.1,96,97.1,216400
VIC,20200522,98,98,96.4,96.4,292930
VIC,20200521,97,98,96.9,98,674380
VIC,20200520,96.4,97,96.1,96.6,254730
VIC,20200519,97.1,97.4,96,96.5,729850
VIC,20200518,97,97,95.5,96.5,229440
VIC,20200515,96,97.5,95.8,97,327650
VIC,20200514,95,96.7,93.9,96,1002810
VIC,20200513,95.1,96,91.5,95,2652530
VIC,20200512,97.4,97.4,95,97,770030
VIC,20200511,97.5,98,95.9,97.5,1358920
VIC,20200508,96.4,100,96.1,97.5,1683960
VIC,20200507,95,96,94,96,617800
VIC,20200506,92.6,95,92.5,95,773570
VIC,20200505,91.8,93,91.8,92.7,274700
VIC,20200504,91.9,92.5,90,91.8,259550
VIC,20200429,91.9,93.4,90.5,91.9,314400
VIC,20200428,92.5,92.9,91.5,92,222920
VIC,20200427,95,95,92,92,453720
VIC,20200424,93,93.9,92.4,93,300240
VIC,20200423,93,94.9,92.7,93,347420
VIC,20200422,92,92.8,90.5,92.5,884070
VIC,20200421,95.5,95.5,92.5,93,892270
VIC,20200420,96.1,96.4,94.9,96.2,1055020
VIC,20200417,96.1,96.1,89.2,96.1,1191510
VIC,20200416,95.9,96,94.7,95.9,845580
VIC,20200415,95.6,96,94.9,96,1176850
VIC,20200414,96.5,96.5,94.5,95.6,631630
VIC,20200413,95.8,96,94.9,96,1411550
VIC,20200410,96,96.8,93.7,95,983120
VIC,20200409,94,97.3,93.8,96,1560610
VIC,20200408,97,97,94,94,760120
VIC,20200407,97.6,100.9,93,97.3,2855700
VIC,20200406,92,97.3,91.3,97.3,2698260
VIC,20200403,86,91,86,91,1184500
VIC,20200401,82.5,87,81,86,437820
VIC,20200331,81.4,87,80.4,83.4,1296450
VIC,20200330,80.8,82,80.8,81.4,881240
VIC,20200327,82,87.4,79.5,86.8,1149310
VIC,20200326,77.6,81.8,75.6,81.8,1242250
VIC,20200325,71.5,76.5,68,76.5,1401570
VIC,20200324,71.8,75,71.5,71.5,1474050
VIC,20200323,78,78.3,76.8,76.8,678160
VIC,20200320,88.7,88.7,82.5,82.5,1083480
VIC,20200319,86.9,88.7,83.1,88.7,1103680
VIC,20200318,87.9,90,86.5,89,785390
VIC,20200317,89.5,92.3,87.6,88.5,681330
VIC,20200316,92,92.5,86.6,92.5,971340
VIC,20200313,86,92.5,85.4,92.5,1226880
VIC,20200312,91,92.3,90.3,91.8,1896270
VIC,20200311,98,98,91.1,97,1049580
VIC,20200310,93,99.2,91.2,97.7,825490
VIC,20200309,101.5,102,97.7,97.7,966890
VIC,20200306,105,105,103.1,105,750830
VIC,20200305,105.1,105.9,103.8,105.6,352300
VIC,20200304,104.6,105.5,103.5,105.5,443810
VIC,20200303,105.1,105.6,104.5,105.5,557950
VIC,20200302,104,105.4,102.7,105.4,742130
VIC,20200228,105,105.4,103,105.4,870840
VIC,20200227,105.8,106,104.1,105.6,740420
VIC,20200226,104,106.6,104,105.9,625410
VIC,20200225,106.7,107.3,105.9,107,543820
VIC,20200224,107.1,108,105.5,107.3,1428650
VIC,20200221,108.6,110,107.8,109.9,309060
VIC,20200220,106,110,105,110,353570
VIC,20200219,103.5,107,103.5,105,875320
VIC,20200218,107,107,104,104.5,791870
VIC,20200217,110,110,105,108,742220
VIC,20200214,112.3,112.6,110,110,252390
VIC,20200213,111.5,112.7,111.4,112.4,285340
VIC,20200212,113.4,113.4,112,112,452790
VIC,20200211,113.5,114.2,113,113.4,290630
VIC,20200210,113,114.1,113,113.7,192700
VIC,20200207,114,114.4,112,114.4,1295520
VIC,20200206,114.5,114.7,112.8,114.4,676290
VIC,20200205,114.8,114.8,113,114.5,468420
VIC,20200204,113.6,114.8,111.8,114.8,1485500
VIC,20200203,113.8,114.8,112.3,114.8,760420
VIC,20200131,114.9,114.9,113.6,114.8,831740
VIC,20200130,114.1,114.9,112.1,114.9,682720
VIC,20200122,114.9,114.9,114.2,114.9,371780
VIC,20200121,114.3,115,114.3,114.9,181510
VIC,20200120,114.9,114.9,114.3,114.9,370670
VIC,20200117,114.9,115.1,114.4,114.9,169100
VIC,20200116,115,115.1,114.3,115,186740
VIC,20200115,115,115,114.3,115,205600
VIC,20200114,114.9,115.1,114.3,115,101150
VIC,20200113,114.7,115.1,114.5,114.9,146680
VIC,20200110,115,115,114.7,114.8,159120
VIC,20200109,114.3,115.1,114.2,114.7,273870
VIC,20200108,114.5,114.7,113.6,114.3,468910
VIC,20200107,114.5,115,114.3,114.7,183910
VIC,20200106,115,115,114.4,114.5,301910
VIC,20200103,115,115.3,114.3,115.3,248940
VIC,20200102,114.9,115,114,115,440280
VIC,20191231,115,115,114.1,115,614630
VIC,20191230,114.5,115,114.2,115,504080
VIC,20191227,115.4,115.4,114,115.2,564070
VIC,20191226,115.3,115.7,114.4,115.4,507390
VIC,20191225,115.3,115.5,114.3,115.5,348350
VIC,20191224,115.6,115.6,114.3,115.5,449960
VIC,20191223,115.8,115.8,114.3,115.7,591380
VIC,20191220,115.8,115.8,114.7,115.8,839200
VIC,20191219,115.8,116,114,115.8,974360
VIC,20191218,115,115.9,114.5,115.8,847090
VIC,20191217,115.8,115.8,114.5,115.8,273030
VIC,20191216,116,116,114.8,115.8,377010
VIC,20191213,115.8,116,114.9,116,295370
VIC,20191212,116,116,115.2,116,334050
VIC,20191211,115.9,115.9,114.5,115.9,301370
VIC,20191210,115.5,115.9,113.6,115.9,575810
VIC,20191209,115.8,115.9,115,115.9,188330
VIC,20191206,116,116.3,115.4,115.9,144740
VIC,20191205,116,116.1,115.5,115.8,167250
VIC,20191204,114.2,115.5,114.2,115.5,179900
VIC,20191203,115,116.3,114.2,115,300130
VIC,20191202,115.5,116.3,113.8,115,300040
VIC,20191129,115.7,116.1,114.5,115.7,205040
VIC,20191128,115.1,116,114.3,115.7,232980
VIC,20191127,115.2,116.3,115.1,115.6,304630
VIC,20191126,116,116,115.1,115.2,1027110
VIC,20191125,116.2,116.2,115.5,116,234180
VIC,20191122,115.9,116.9,115.3,116.2,308940
VIC,20191121,117,117,113.8,115.3,1567980
VIC,20191120,117.2,117.2,116,116,705410
VIC,20191119,118,118.2,116.8,117.1,491510
VIC,20191118,119.8,119.8,117.9,118.1,267820
VIC,20191115,119.2,120.8,118.8,119.6,238410
VIC,20191114,119,119.8,118.8,119.3,250100
VIC,20191113,118.9,119.4,118.4,119,323490
VIC,20191112,118.9,119.9,118.6,119.4,158520
VIC,20191111,120.5,120.5,118.9,118.9,281300
VIC,20191108,121.6,121.6,120,120.5,492950
VIC,20191107,122,122.3,120.8,120.8,246740
VIC,20191106,121.5,122.5,121,121.9,517800
VIC,20191105,121,122,120.9,121.5,260520
VIC,20191104,122.5,122.5,120.7,121.7,309680
VIC,20191101,120,122.5,119.5,122.5,749070
VIC,20191031,120,120.4,119,119,840720
VIC,20191030,118,119.9,117.8,119.6,600930
VIC,20191029,117.7,117.9,117.4,117.8,187020
VIC,20191028,117,118.1,116.7,117.7,268360
VIC,20191025,117,117.4,116.7,117.2,293710
VIC,20191024,117.1,117.2,116.5,117.2,396910
VIC,20191023,116.8,117.5,116.8,117.1,130200
VIC,20191022,118,118,116.8,116.8,175690
VIC,20191021,117,118.3,116,116.9,205580
VIC,20191018,117,117,116.5,117,261460
VIC,20191017,117.9,118.5,116.9,117,479110
VIC,20191016,119,119,117.7,118,224670
VIC,20191015,118,119.3,118,118.4,222070
VIC,20191014,118.5,119.8,117.5,118,358150
VIC,20191011,117.5,118,116.7,118,328950
VIC,20191010,117.5,117.7,116.8,116.9,273470
VIC,20191009,116.9,118.3,116.7,117,221530
VIC,20191008,117.2,117.3,116.4,117.1,353740
VIC,20191007,118,118.1,116.5,117,467120
VIC,20191004,118,118.7,117.7,118,249050
VIC,20191003,117.2,118,117.1,118,650460
VIC,20191002,119.9,120.5,118,118,545260
VIC,20191001,120.5,120.9,119.7,119.9,151960
VIC,20190930,120,121.2,119.6,119.8,308680
VIC,20190927,119,120.3,118.8,119.8,264300
VIC,20190926,120,120,118.8,119,334000
VIC,20190925,120.1,120.3,119,119.7,256590
VIC,20190924,119,120.4,119,120.1,258080
VIC,20190923,119.5,120.4,118.9,119,478830
VIC,20190920,121.4,121.9,119.4,119.4,1827050
VIC,20190919,122.5,122.8,121.4,121.5,345240
VIC,20190918,122.5,122.8,122.1,122.2,181830
VIC,20190917,122.1,123.8,122,122.8,416830
VIC,20190916,122,124.7,122,122.8,330670
VIC,20190913,122.1,122.9,120.8,122.4,278500
VIC,20190912,121.5,122.1,121.3,121.5,188180
VIC,20190911,122,122.8,121,121.5,176620
VIC,20190910,123,123.2,122,122,247180
VIC,20190909,121.9,122.8,121.1,122.6,165730
VIC,20190906,122,123,121,121.1,280330
VIC,20190905,122.9,123.4,122,122,303110
VIC,20190904,123,123.5,121.7,122.4,385500
VIC,20190903,123.5,124.4,122.2,123,174400
VIC,20190830,122.5,123.9,122,123.5,220710
VIC,20190829,123.5,123.5,121.1,122.5,350460
VIC,20190828,122.2,123.5,121.9,122,242730
VIC,20190827,124.9,125.7,122.5,122.5,397260
VIC,20190826,125,125,123.4,124.8,355930
VIC,20190823,126.1,126.1,124.6,125,513250
VIC,20190822,123,126.5,122.7,126.1,671970
VIC,20190821,121,122.5,121,122.4,252820
VIC,20190820,121.9,122.5,121,121,206540
VIC,20190819,122.5,122.5,121.5,121.9,211950
VIC,20190816,119.6,122.3,119.6,122,347380
VIC,20190815,117,121,117,121,327120
VIC,20190814,119.5,120,118.2,118.6,302420
VIC,20190813,119.9,120,118,118.1,310330
VIC,20190812,120.2,121.2,120,120,107460
VIC,20190809,122,122.5,120.2,120.2,400990
VIC,20190808,118,122.5,118,122,545170
VIC,20190807,119.8,120.2,117.6,118,345950
VIC,20190806,116,119.8,115.5,119.8,441590
VIC,20190805,122.1,122.1,118,118,760020
VIC,20190802,122,123.1,121.9,122.5,483120
VIC,20190801,123,124.5,122.5,124.4,365850
VIC,20190731,122.5,123.2,120.2,122,406490
VIC,20190730,124.4,125,122,122.5,366670
VIC,20190729,123,124.4,122.1,124.4,566870
VIC,20190726,122.7,123.3,121.6,122.1,416560
VIC,20190725,120.6,125.1,120.6,123.2,740440
VIC,20190724,120.5,122.2,120.2,122,661870
VIC,20190723,116.5,120.3,116.5,119.8,1502160
VIC,20190722,116,116.5,115,116.5,395900
VIC,20190719,114.8,116,114.8,116,476260
VIC,20190718,115,115.9,114.8,114.8,454560
VIC,20190717,116,116.3,115,115.5,213640
VIC,20190716,115,116.5,114.2,115.9,473360
VIC,20190715,116,116.2,113.8,114.2,514900
VIC,20190712,116.9,117,116,116,169920
VIC,20190711,117.3,117.5,115.6,116.5,363380
VIC,20190710,117,117.5,116.5,116.8,377060
VIC,20190709,116,116.1,115.2,116,187330
VIC,20190708,116.5,116.7,115.8,116,285840
VIC,20190705,116,116.8,115.8,116.7,307400
VIC,20190704,115,116.5,115,116.5,265260
VIC,20190703,115.5,116,114.3,115.4,260170
VIC,20190702,117.1,117.3,115.8,115.8,268150
VIC,20190701,116.7,117.2,116.1,117.2,562110
VIC,20190628,115,115.9,113.7,115.7,468590
VIC,20190627,117,117,114.9,114.9,398280
VIC,20190626,116.3,117,116,116.9,515020
VIC,20190625,116.5,117.2,116.3,116.4,510700
VIC,20190624,115,116.6,115,116.4,228390
VIC,20190621,116.5,116.8,114.5,114.5,594210
VIC,20190620,116.2,117.1,115.6,116,317480
VIC,20190619,114.7,115.9,114.5,115.9,135220
VIC,20190618,114.7,115,113.8,114,433860
VIC,20190617,115.9,116.5,113.8,114.5,415390
VIC,20190614,116,116,114.3,115.5,350180
VIC,20190613,115.2,115.9,115.2,115.5,267940
VIC,20190612,117,117.5,116,116,258350
VIC,20190611,117.6,117.8,117,117,308910
VIC,20190610,117.2,118.7,117.2,117.6,955890
VIC,20190607,116.6,117,116.1,117,286940
VIC,20190606,115.9,115.9,114.4,115.9,167500
VIC,20190605,115,115.9,115,115.9,244400
VIC,20190604,113.6,115.4,113.6,114.6,262740
VIC,20190603,114,115.5,113,114.5,281510
VIC,20190531,115.8,115.8,114.6,114.6,296610
VIC,20190530,115.2,116.2,115,115,572810
VIC,20190529,114.9,115.4,114,115.2,357950
VIC,20190528,116,116,114,114,503270
VIC,20190527,114,115.9,114,115,166080
VIC,20190524,115.5,116.2,114.3,115,628560
VIC,20190523,117,117.6,116.2,117,249830
VIC,20190522,117.2,118.1,116,117.5,382330
VIC,20190521,118.7,118.7,116.3,117.5,708620
VIC,20190520,117,117.5,116.1,117.5,406340
VIC,20190517,117,118.1,116.1,116.9,464260
VIC,20190516,115.3,118.9,115.3,116.9,773010
VIC,20190515,113.5,116.2,113.4,115.3,456790
VIC,20190514,112,113.5,111.9,113.5,539280
VIC,20190513,111.9,112.9,111.7,112.9,439200
VIC,20190510,112.6,113,112.2,112.7,289160
VIC,20190509,112.7,112.7,111.6,112.6,314140
VIC,20190508,111.5,112.7,111.4,112.6,348500
VIC,20190507,112.2,113.3,111,112.6,421350
VIC,20190506,112,112.3,110.2,112.2,290580
VIC,20190503,113.7,113.7,112.1,112.5,705500
VIC,20190502,113.8,113.9,113,113.6,190970
VIC,20190426,112,113.7,112,113.7,826050
VIC,20190425,113.8,113.8,112,113.6,503490
VIC,20190424,113,114,112.1,113.8,447820
VIC,20190423,111.9,113,111,113,534660
VIC,20190422,109,111.9,107,111.9,794060
VIC,20190419,110,110.6,108.2,110.1,414050
VIC,20190418,109.5,110,105,109,891240
VIC,20190417,111.3,113,110,110,960220
VIC,20190416,109.5,113.1,108,113.1,1231190
VIC,20190412,115,115,113,113.2,551990
VIC,20190411,111.8,115,111.8,115,350810
VIC,20190410,113,114,110.9,111.8,696000
VIC,20190409,116,116,112.8,113,1156710
VIC,20190408,115.2,115.8,114.8,115.5,435190
VIC,20190405,115.3,115.4,114.6,115.1,235790
VIC,20190404,115.3,115.8,114.1,115.1,383730
VIC,20190403,115.5,116,114.5,114.9,464270
VIC,20190402,116.9,117.2,116.2,116.3,1036350
VIC,20190401,116.4,116.5,115.8,116.5,828430
VIC,20190329,115.9,116.8,115.9,115.9,1099970
VIC,20190328,113.9,115.9,113.9,115.9,561880
VIC,20190327,115,115.9,113.9,113.9,772080
VIC,20190326,115.5,116.8,113,113.7,846570
VIC,20190325,117,117.3,115,115.2,886800
VIC,20190322,117,118.9,117,118.6,1114660
VIC,20190321,120,120.3,117,117,1208480
VIC,20190320,121,121,119.1,120.2,780190
VIC,20190319,121.3,122.4,120.7,121,1190080
VIC,20190318,120,121.3,119.1,121.3,1114570
VIC,20190315,119.3,119.3,117.9,118.7,1704580
VIC,20190314,116.5,118.8,115.6,118.8,1155340
VIC,20190313,118.5,120,117,117.5,1262350
VIC,20190312,119,119.4,118.2,118.6,902200
VIC,20190311,117,118.3,117,118.3,429390
VIC,20190308,119,119.6,118.1,118.1,845280
VIC,20190307,117.9,122.5,117.8,119.2,1797980
VIC,20190306,117.7,117.7,117.1,117.7,377280
VIC,20190305,117.4,117.8,116.9,117.3,706060
VIC,20190304,116.7,117.6,115.8,117.4,660550
VIC,20190301,114,117,114,115.1,739260
VIC,20190228,117,117.4,113.1,114,1132410
VIC,20190227,115.5,117.9,115.5,117.4,824620
VIC,20190226,116,116.6,113.5,115.5,792710
VIC,20190225,117,117.9,115.9,116.3,624890
VIC,20190222,118,118.4,116.6,117,720970
VIC,20190221,116.5,118.4,116.3,118.4,1162700
VIC,20190220,115.2,116.9,115.2,116.5,678800
VIC,20190219,113.5,116.6,113.5,116,1002020
VIC,20190218,112.5,113.7,111.7,113.7,829150
VIC,20190215,113,113,112,112,670900
VIC,20190214,109,113,109,112.9,995310
VIC,20190213,108,109.3,107.2,109,822040
VIC,20190212,104.9,109.1,104,109.1,769110
VIC,20190211,101.8,104,101.2,104,527310
VIC,20190201,103.8,103.8,98.8,98.8,2095840
VIC,20190131,104,104.5,102.5,103.9,651020
VIC,20190130,103.9,104,102.9,103.9,370040
VIC,20190129,104.9,104.9,103,103.9,225310
VIC,20190128,102.9,103.7,102.6,103.7,381260
VIC,20190125,102.8,103.5,102.2,102.9,306670
VIC,20190124,102.5,102.9,102.2,102.8,184720
VIC,20190123,102,103.7,102,102.6,299570
VIC,20190122,102.4,102.4,101.5,102.4,258070
VIC,20190121,102.2,102.4,101.3,102.4,404250
VIC,20190118,101.5,102.2,100.9,102.2,498290
VIC,20190117,102,102.2,100.7,102,325130
VIC,20190116,101.5,102.1,100.8,102,518160
VIC,20190115,101.4,101.5,100.4,101.5,711450
VIC,20190114,101.3,101.9,100.2,101.4,562930
VIC,20190111,101,101.4,100.1,101.4,569030
VIC,20190110,101.2,101.5,100,101.4,551980
VIC,20190109,101,101.9,99,101.5,659210
VIC,20190108,102,102,99.7,101,494300
VIC,20190107,100.9,103,99.9,101,589150
VIC,20190104,100,100.7,98,100.6,458000
VIC,20190103,100,100.3,98.2,100.3,496950
VIC,20190102,101.2,101.3,97.5,100.4,602450
VIC,20181228,103.3,103.4,95.3,95.3,381320
VIC,20181227,101,102.9,101,102.4,690680
VIC,20181226,101,101.9,101,101.9,367750
VIC,20181225,100.1,101.9,100.1,101.9,293610
VIC,20181224,102,102.2,101.3,102,216960
VIC,20181221,100.5,102,100,102,791040
VIC,20181220,101,102,100.8,101.9,387370
VIC,20181219,102,102.3,100.5,102,506600
VIC,20181218,101.8,102,100,102,531470
VIC,20181217,102,102.7,101.9,102.5,205950
VIC,20181214,102.2,103,101.6,102.7,234660
VIC,20181213,102.5,103.9,101.8,102.8,488820
VIC,20181212,102.2,102.4,102,102.2,403320
VIC,20181211,102.1,102.2,101.4,102.2,457470
VIC,20181210,102,102.2,101.1,102.1,806730
VIC,20181207,102.1,102.2,101.5,102.2,460960
VIC,20181206,102.1,102.2,101.1,102.1,251610
VIC,20181205,101.9,102.2,101,102.1,461240
VIC,20181204,102.4,102.4,101.6,102,966490
VIC,20181203,101.8,103,101.3,101.9,262710
VIC,20181130,101,102,97.5,101.7,1024240
VIC,20181129,102.5,103,101.7,102,367130
VIC,20181128,101.5,102,100.8,102,577600
VIC,20181127,100.5,103.2,100.5,101.5,467400
VIC,20181126,99,100.5,98,100.5,642520
VIC,20181123,98.8,99,97,99,1055870
VIC,20181122,97.2,98,96.5,98,1345610
VIC,20181121,97,97.3,95,97.3,1609020
VIC,20181120,94.7,97.2,94.7,97.2,1470120
VIC,20181119,90.1,96.4,90.1,96.4,1553130
VIC,20181116,91.7,92.5,89.8,90.1,895700
VIC,20181115,94.7,94.7,90.9,91.7,689540
VIC,20181114,93.6,95.1,93.4,94.7,450950
VIC,20181113,94.8,95,93.3,93.3,598800
VIC,20181112,95.8,96,95.5,95.9,720990
VIC,20181109,95,96,95,95.9,602570
VIC,20181108,96,96.6,95.8,96,383030
VIC,20181107,96.3,96.3,94.3,96,608180
VIC,20181106,96,96.5,95.4,95.8,597170
VIC,20181105,96,96.5,95.1,96,664130
VIC,20181102,95.6,96.7,95.5,96,1484060
VIC,20181101,96.5,96.8,95,95.5,1225020
VIC,20181031,95.6,97.2,95.6,97.2,582470
VIC,20181030,95.5,97.3,95.5,96.6,452080
VIC,20181029,95.5,97.7,95,97.2,643700
VIC,20181026,96.2,98,95.7,96.4,653110
VIC,20181025,96.7,98.2,94.6,96.8,404050
VIC,20181024,98,99.5,97.5,98.8,681290
VIC,20181023,98.1,99,96.5,99,608750
VIC,20181022,98.1,99.6,97.1,99.1,536930
VIC,20181019,96.5,99.1,96.5,99.1,915870
VIC,20181018,98.5,99.2,98,99.1,896140
VIC,20181017,98.6,99.6,98.2,99,1310430
VIC,20181016,95,98.6,94.2,98.6,1290720
VIC,20181015,96,96.7,94,95.5,720500
VIC,20181012,93,97.5,92.8,96,1735640
VIC,20181011,92,94.4,89.9,93,3276160
VIC,20181010,96.6,97.7,96.5,96.6,1213420
VIC,20181009,96.6,97.3,96.1,96.6,944590
VIC,20181008,97.6,98.3,96.4,96.6,1766100
VIC,20181005,99.9,100.4,98.3,98.5,1868060
VIC,20181004,102.1,102.2,100.6,100.6,635150
VIC,20181003,103,103.9,101.8,102.2,860380
VIC,20181002,99.9,102,99.7,102,1206840
VIC,20181001,99.9,102.5,98.5,98.5,1269410
VIC,20180928,98.6,98.6,98.1,98.3,857910
VIC,20180927,99,99.2,98.5,98.6,497460
VIC,20180926,99.2,99.3,99,99,505180
VIC,20180925,99.6,99.6,99.2,99.5,426720
VIC,20180924,98.6,100.3,98.6,99.6,323610
VIC,20180921,98.5,99.3,98.4,98.6,1584980
VIC,20180920,98.2,99.5,98.2,98.5,449420
VIC,20180919,99.6,100.1,98.5,98.6,416470
VIC,20180918,98,99.6,98,99.6,613160
VIC,20180917,100.8,101.3,98.9,99,465650
VIC,20180914,100.3,101.5,99.7,101,614370
VIC,20180913,101.4,102,100,100.3,422540
VIC,20180912,101.2,103,101.1,101.4,629760
VIC,20180911,98.5,102,98.5,101.2,726370
VIC,20180910,98,99.9,97.1,99.3,896450
VIC,20180907,96.1,99,96.1,97.2,698830
VIC,20180906,101.1,101.5,98,98,918940
VIC,20180905,102.1,102.8,101.5,101.5,610500
VIC,20180904,103.4,103.4,102,102.1,343190
VIC,20180831,103.3,103.4,101.5,103.4,1811230
VIC,20180830,103,103.5,102.5,103.4,1172570
VIC,20180829,104.2,104.2,103,103,533720
VIC,20180828,103.6,104.5,103.5,104.2,617620
VIC,20180827,104.1,105,103.8,104.2,839360
VIC,20180824,104.6,105.1,103.8,104,1261290
VIC,20180823,104,105.9,104,104.6,1808380
VIC,20180822,103.5,104.1,103.1,103.6,795470
VIC,20180821,102.5,103.1,102,103.1,1041910
VIC,20180820,102,103.2,102,102.6,1000000
VIC,20180817,102.1,103.3,102.1,102.3,449530
VIC,20180816,100.1,103.1,100.1,102.1,1225510
VIC,20180815,103.3,104.3,101.9,101.9,644810
VIC,20180814,102.8,104.6,101.8,103.3,1167680
VIC,20180813,103.5,104,101.4,102.8,1730190
VIC,20180810,104,105.8,101,104.2,1885210
VIC,20180809,107.5,108.7,104,104.2,2819240
VIC,20180808,109.7,110.9,108.6,108.8,1617710
VIC,20180807,111,111.5,109.9,110.3,1103740
VIC,20180806,112,112.9,109.7,111.5,3669840
VIC,20180803,107.2,112.7,106.8,111.5,2531090
VIC,20180802,106.5,107.4,106.2,106.7,1629230
VIC,20180801,106.3,107.5,106.3,106.5,1267370
VIC,20180731,106,107.5,105.1,106.4,1902890
VIC,20180730,106.9,106.9,105.6,106.4,1158200
VIC,20180727,107,107.6,105.7,106.4,1187590
VIC,20180726,105.3,106,104.4,106,1297470
VIC,20180725,104.5,105.4,104.1,104.4,755570
VIC,20180724,104,105.6,104,104.5,1493670
VIC,20180723,103.6,106.5,103.3,104,1255810
VIC,20180720,103.5,105,103.5,103.6,2187590
VIC,20180719,105,105,103,105,2857260
VIC,20180718,102.5,105,102.5,105,1918790
VIC,20180717,101,104.1,100,104,1207830
VIC,20180716,103.5,103.5,101,102.5,1073340
VIC,20180713,104.2,104.2,102,103,564040
VIC,20180712,104.9,104.9,101,103,357710
VIC,20180711,101,104.5,100,104.5,840120
VIC,20180710,105,106.5,102.5,103,795030
VIC,20180709,106,107.3,104.5,105,701990
VIC,20180706,104.1,106.9,101.8,106.2,1431620
VIC,20180705,104,107.3,103,106.5,1420080
VIC,20180704,99.5,106.2,97,105,1971010
VIC,20180703,106,107,99.7,99.7,3208300
VIC,20180702,106,108.5,106,107.2,953200
VIC,20180629,105.1,107.8,105.1,107.5,2967850
VIC,20180628,105,110.7,105,107.5,1193310
VIC,20180627,102.1488,103.967,101.6529,103.4711,1177710
VIC,20180626,100,102.3967,99.5868,102.1488,762320
VIC,20180625,103.3058,103.3058,101.6529,102.2314,562650
VIC,20180622,103.2231,103.2231,101.4876,101.4876,461620
VIC,20180621,103.3058,103.719,100.9918,102.4793,1700320
VIC,20180620,101.6529,103.3058,100.8265,103.3058,872130
VIC,20180619,100.4133,101.9835,96.6942,101.6529,2024310
VIC,20180618,102.0661,104.0496,101.2397,101.9835,1411490
VIC,20180615,104.1322,104.7934,102.0661,102.0661,4770820
VIC,20180614,106.4463,106.4463,103.3058,104.1322,1578250
VIC,20180613,100.8264,105.7851,100.8264,105.7851,1823230
VIC,20180612,99.1736,102.9752,99.1736,102.8099,2086270
VIC,20180611,102.4793,103.3884,101.2396,102.7273,1434380
VIC,20180608,101.8182,103.1405,100.8264,102.6446,902860
VIC,20180607,103.2232,103.6364,101.8182,102.6446,1475370
VIC,20180606,99.1735,102.8099,97.2727,102.562,2053160
VIC,20180605,99.1736,101.2397,98.0166,100.0826,996780
VIC,20180604,98.3471,99.2562,97.9339,99.1736,901540
VIC,20180601,95.3719,99.1736,94.2149,98.3471,4227700
VIC,20180531,92.3967,96.6942,90.0826,95.8678,5567040
VIC,20180530,90.9917,93.8017,87.5207,91.7355,1827510
VIC,20180529,87.8512,92.1487,87.6859,90.9091,1698700
VIC,20180528,84.9587,91.7356,84.7108,91.7355,3154610
VIC,20180525,86.0331,91.405,82.6447,88.4298,2656380
VIC,20180524,85.124,86.7769,83.6364,86.0331,3032350
VIC,20180523,83.5537,87.8513,81.8182,85.124,2360420
VIC,20180522,91.5703,94.2149,87.9339,87.9339,2590430
VIC,20180521,101.6529,101.6529,94.5455,94.5455,2255860
VIC,20180518,100.8265,103.3058,99.5868,101.6529,1523270
VIC,20180517,107.438,107.438,101.2397,101.6529,1772650
VIC,20180516,109.0909,109.0909,105.7851,107.438,879210
VIC,20180515,110.6611,111.4049,109.0909,109.0909,1713520
VIC,20180514,103.3057,109.0909,103.3057,109.0909,2365670
VIC,20180511,99.2562,102.4794,98.3471,102.4793,1349320
VIC,20180510,101.4876,101.4876,99.1735,99.5868,1783310
VIC,20180509,101.3223,101.8182,100.6612,101.5702,1685960
VIC,20180508,102.9752,103.2231,101.8182,102.3967,1263540
VIC,20180507,102.0662,103.3058,102.0662,102.9752,1059820
VIC,20180504,100.4959,103.3884,99.1736,102.8926,3214170
VIC,20180503,101.6529,104.2149,100.8265,101.6529,4728270
VIC,20180502,104.1322,104.1322,99.1735,103.3058,5204200
VIC,20180427,101.405,104.5455,100.8265,104.1322,3015830
VIC,20180426,104.7934,104.9587,101.5703,104.9587,6434440
VIC,20180424,99.1736,105.4546,97.686,104.9587,8719000
VIC,20180423,102.4793,103.9669,101.4876,101.8182,4834080
VIC,20180420,99.9174,102.8926,94.1323,101.6529,4165000
VIC,20180419,106.281,106.6116,99.9174,99.9174,5509300
VIC,20180418,108.2644,109.0909,107.3554,107.3554,2306360
VIC,20180417,107.438,109.0909,105.3719,107.438,2303090
VIC,20180416,105.7851,106.7768,102.8925,106.3636,1686590
VIC,20180413,105.7851,107.9339,104.9587,105.4545,2093210
VIC,20180412,102.4793,105.6198,100.3305,104.9587,3592730
VIC,20180411,108.7604,110.3306,102.4794,104.1322,3216110
VIC,20180410,111.5702,113.0578,108.2645,108.2645,4492970
VIC,20180409,111.5703,111.9835,109.9174,111.4876,3209490
VIC,20180406,107.4381,109.5042,107.1901,109.4215,1954390
VIC,20180405,109.0909,109.9174,107.1901,108.2645,3190050
VIC,20180404,101.6529,106.5289,101.6529,105.3719,1939060
VIC,20180403,100.9917,101.6529,99.8347,101.0744,2412640
VIC,20180402,98.0992,102.8926,97.5207,101.6529,2458390
VIC,20180330,95.1239,96.8595,94.2149,96.8595,1733950
VIC,20180329,94.6281,95.4545,93.8017,95.0413,1580300
VIC,20180328,93.3884,95.8677,92.7272,94.6281,1452270
VIC,20180327,96.6942,97.3554,93.3058,93.3884,3149210
VIC,20180326,90.9091,96.7769,89.6695,94.0496,4681960
VIC,20180323,87.2727,91.9008,87.1901,90.4959,3455080
VIC,20180322,90.0826,91.4876,89.2562,89.2562,2262170
VIC,20180321,86.6942,89.7521,86.3636,89.2562,3520200
VIC,20180320,85.124,87.1901,85.124,86.1157,1045660
VIC,20180319,82.8099,86.7769,82.8099,86.281,1201010
VIC,20180316,82.1488,83.4711,82.1488,82.3967,3090070
VIC,20180315,85.0413,85.0413,82.2314,82.2314,2784640
VIC,20180314,84.7108,86.6942,84.7108,84.7107,2048400
VIC,20180313,82.6446,85.0413,82.562,84.7934,1364520
VIC,20180312,85.124,86.0331,82.3967,82.6446,4156360
VIC,20180309,85.2893,87.6034,82.6447,85.5372,3193390
VIC,20180308,80.9917,86.281,80.9091,85.2893,2497640
VIC,20180307,81.405,82.6447,79.7521,81.4876,1554880
VIC,20180306,79.3389,81.405,77.686,81.405,1563590
VIC,20180305,78.5124,82.3141,77.686,77.686,1957990
VIC,20180302,76.0331,78.9257,76.0331,78.0992,876310
VIC,20180301,78.0166,79.1736,77.1075,77.686,1228940
VIC,20180228,76.281,78.595,76.281,78.4298,1652330
VIC,20180227,79.7521,80.0826,76.4463,77.2727,2312070
VIC,20180226,76.0331,79.7521,76.0331,78.5124,2663650
VIC,20180223,75.2066,76.0331,75.2066,75.7025,1315690
VIC,20180222,74.3802,76.0331,73.6364,74.7934,2059700
VIC,20180221,72.6446,76.033,72.1487,74.3802,3032580
VIC,20180213,70.2479,71.9008,69.4215,71.157,1361140
VIC,20180212,65.2893,69.0909,65.2893,69.0909,1403590
VIC,20180209,62.81,64.9587,61.5703,64.6281,1512070
VIC,20180208,66.1157,66.9421,65.2892,65.2893,1035980
VIC,20180207,67.7686,68.5124,66.9422,66.9421,1569240
VIC,20180206,62.3967,67.0248,62.3967,67.0248,6416850
VIC,20180205,70.5785,71.0744,67.0248,67.0248,2587460
VIC,20180202,71.4876,73.1404,71.4876,72.0661,4141270
VIC,20180201,72.3141,72.562,70.248,71.5702,2444650
VIC,20180131,70.6611,73.0578,70.3305,71.0744,5163910
VIC,20180130,70.6612,70.9091,69.0083,70.2479,2528460
VIC,20180129,71.0744,72.1488,70.4133,70.6612,1648430
VIC,20180126,71.0744,71.4876,70.1653,70.6612,1879950
VIC,20180125,70.2479,73.9669,70.2479,70.3306,6498690
VIC,20180122,69.8347,70.7438,69.4215,70.2479,1971820
VIC,20180119,70.248,71.2397,69.4215,69.4215,4547470
VIC,20180118,68.5951,69.7521,66.5289,69.7521,2516550
VIC,20180117,71.0744,71.7356,68.5951,69.4215,3664360
VIC,20180116,72.0661,72.314,70.2479,71.0744,4033950
VIC,20180115,71.4049,73.3884,71.157,72.0661,3992270
VIC,20180112,67.3553,71.3223,67.19,70.5785,5641810
VIC,20180111,66.7769,67.9339,66.1984,66.9421,3234530
VIC,20180110,66.9422,68.0166,66.6116,66.7769,3525280
VIC,20180109,66.8595,68.1818,66.1157,66.6116,3276860
VIC,20180108,66.1157,67.6859,65.3719,66.3636,3978990
VIC,20180105,66.9421,66.9421,65.2892,66.1157,2825160
VIC,20180104,67.3553,68.6777,66.5289,66.9421,2937490
VIC,20180103,65.7025,68.7603,64.9587,66.5289,5014340
VIC,20180102,64.1322,64.876,63.9669,64.6281,1435130
VIC,20171229,64.1322,66.033,63.6363,63.8843,2105550
VIC,20171228,64.0496,64.8761,63.967,63.9669,1109290
VIC,20171227,64.4628,65.2892,63.3884,63.8017,2925370
VIC,20171226,64.7107,65.2892,64.2975,64.4628,2308080
VIC,20171225,62.8099,64.4628,62.6446,64.4628,1399540
VIC,20171222,60.9091,62.4794,60.6612,62.4793,2254940
VIC,20171221,61.0744,62.3967,60.3306,60.3306,1721550
VIC,20171220,60.5785,61.0744,59.8347,60.7438,1506770
VIC,20171219,61.6529,62.3967,60.5785,60.7438,1006310
VIC,20171218,59.0082,61.157,59.0082,61.157,1199690
VIC,20171215,58.4297,59.2562,57.9339,58.0165,4185530
VIC,20171214,59.4215,59.9173,58.6777,59.5041,477210
VIC,20171213,59.0909,59.6694,58.5951,59.5041,547600
VIC,20171212,60.3305,60.4132,57.0248,58.843,1138470
VIC,20171211,59.5042,60.4959,58.6777,59.5041,1057910
VIC,20171208,58.8429,60.7438,57.438,60.3306,1767290
VIC,20171207,59.9174,60.9918,58.6777,59.5041,1010070
VIC,20171206,60.8265,60.8265,57.7686,60.3306,2680770
VIC,20171205,63.6364,64.8761,58.5124,60.3306,3682370
VIC,20171204,62.0661,63.8017,61.5703,62.8926,1716220
VIC,20171201,61.5702,62.314,60.9917,61.6529,966230
VIC,20171130,62.9752,63.3884,61.5702,61.5702,1728020
VIC,20171129,63.6364,63.6364,62.8926,62.9752,1324620
VIC,20171128,64.0496,65.2066,62.8099,62.9752,1786250
VIC,20171127,61.157,65.7024,59.5041,62.8099,2152690
VIC,20171124,63.2231,63.2231,61.5702,61.5702,858280
VIC,20171123,62.8099,64.2975,62.1487,63.2231,1302120
VIC,20171122,63.6364,65.124,60.7438,62.8099,1670670
VIC,20171121,64.4629,67.4381,63.2232,63.6364,3764030
VIC,20171120,59.3389,63.0579,59.0909,63.0579,1958970
VIC,20171117,58.0165,59.5041,57.7686,59.0083,1572620
VIC,20171116,56.1984,57.7686,56.1984,57.7686,1449350
VIC,20171115,56.6942,57.438,55.6198,57.0248,2415870
VIC,20171114,56.6116,57.438,55.7025,56.6942,1697460
VIC,20171113,54.5455,56.6943,53.967,56.6942,1213210
VIC,20171110,56.033,57.8512,53.9669,54.5455,2037660
VIC,20171109,55.7851,57.8512,55.3719,56.6942,1902810
VIC,20171108,52.8926,54.2149,51.6529,54.1322,2031740
VIC,20171107,50.2479,51.6529,49.8347,51.2397,1645400
VIC,20171106,49.9174,50.248,49.5868,50,1023210
VIC,20171103,49.5042,50.0827,48.7604,49.7521,1227960
VIC,20171102,48.4298,49.5868,48.3472,49.5868,1396970
VIC,20171101,48.4297,48.595,48.0992,48.4298,1443760
VIC,20171031,48.1818,48.5951,47.686,48.3471,1225710
VIC,20171030,47.438,48.3471,47.19,47.9339,1520110
VIC,20171027,46.1157,47.438,45.6199,47.1074,1881040
VIC,20171026,45.7025,45.7851,43.8017,45.7025,1424800
VIC,20171025,45.8678,45.9504,45.4546,45.7025,639470
VIC,20171024,45.8677,46.1157,45.2066,45.8678,1015940
VIC,20171023,45.7851,45.9504,45.4546,45.7851,1042390
VIC,20171020,45.4545,46.1157,45.1239,45.7025,1699930
VIC,20171019,45.3719,45.6198,45.0413,45.4545,652270
VIC,20171018,45.7025,46.0331,45.3719,45.3719,645210
VIC,20171017,45.2893,46.1157,45.0414,45.7025,611740
VIC,20171016,46.281,46.4463,45.124,45.124,1164490
VIC,20171013,45.0413,46.2809,44.9586,46.281,1163690
VIC,20171012,45.0413,46.1157,44.5455,45.4545,955520
VIC,20171011,43.1405,45.3719,43.1405,45.3719,1820720
VIC,20171010,42.562,43.1405,41.9008,43.1405,1812200
VIC,20171009,43.3058,43.3058,42.3967,42.9752,655850
VIC,20171006,43.5537,43.719,43.2231,43.4711,1246450
VIC,20171005,43.0578,43.9669,42.9752,43.5537,1639860
VIC,20171004,42.4793,42.9752,42.314,42.9752,1930800
VIC,20171003,42.2314,43.3885,42.2314,42.2314,2940110
VIC,20171002,42.314,42.3966,42.0661,42.1488,719100
VIC,20170929,41.7356,42.3141,41.7356,42.314,771460
VIC,20170928,42.4793,42.8099,41.9835,41.9835,802280
VIC,20170927,41.157,42.5619,41.157,42.2314,1612010
VIC,20170926,40.4959,41.281,40.3306,40.8264,1097210
VIC,20170925,40.4959,40.7438,40.3306,40.4959,991050
VIC,20170922,40.6611,41.0744,39.9173,40.5785,635450
VIC,20170921,40.4959,40.5785,39.7108,40.5785,642630
VIC,20170920,40.5785,40.6198,40.2479,40.4959,587010
VIC,20170919,40.4959,40.7438,40.3719,40.5785,677170
VIC,20170918,40.4132,40.8264,40.3306,40.4959,309400
VIC,20170915,39.8347,40.9091,39.8347,40.4132,3535620
VIC,20170914,39.2976,41.3223,39.2976,40.6198,1038060
VIC,20170913,40.7438,40.7851,39.6694,39.7521,983030
VIC,20170912,40.1653,40.7438,40.1653,40.7438,1762650
VIC,20170911,41.6529,41.6529,40.7438,40.7438,678430
VIC,20170908,41.3223,42.3967,40.7851,41.8182,1674650
VIC,20170907,41.3223,41.3223,40.8264,41.281,468460
VIC,20170906,41.4876,41.4876,40.4959,41.3223,977140
VIC,20170905,41.2396,41.5702,40.9917,41.4876,1083940
VIC,20170901,40.248,41.2397,40.248,40.8264,613910
VIC,20170831,40.4959,41.8182,40.0827,40.4959,1464890
VIC,20170830,38.0579,40.6612,38.0579,40.6612,1588730
VIC,20170829,37.5207,38.1818,37.1488,38.0579,1051820
VIC,20170828,36.8182,37.6033,36.4463,37.6033,815250
VIC,20170825,35.9917,36.9834,35.9917,36.8182,625340
VIC,20170824,35.9504,36.3223,35.7851,35.9917,391490
VIC,20170823,35.7438,35.7851,35.3719,35.7851,141920
VIC,20170822,35.2066,35.5371,35.2066,35.3719,219070
VIC,20170821,34.9587,35.4546,34.9587,35.4545,297760
VIC,20170818,35.3306,35.6199,35.0413,35.3306,523350
VIC,20170817,35.5372,35.5372,35.0413,35.3306,334020
VIC,20170816,35.124,35.4132,35.0413,35.3719,259540
VIC,20170815,35.8678,35.9504,35.124,35.2066,508250
VIC,20170814,35.9504,35.9917,35.7025,35.9504,227890
VIC,20170811,35.7025,36.1157,35.4546,35.9504,125330
VIC,20170810,35.9504,36.1983,35.5372,35.7025,178660
VIC,20170809,36.6115,37.19,35.9504,35.9504,631740
VIC,20170808,36.7769,37.1075,36.7769,37.1074,655500
VIC,20170807,36.8182,36.8595,36.6116,36.7769,342670
VIC,20170804,36.8595,37.1074,36.6942,36.8182,436280
VIC,20170803,36.5289,37.0248,36.3636,36.6942,481890
VIC,20170802,36.281,36.7768,36.281,36.6942,388850
VIC,20170801,36.7769,36.7769,36.3637,36.6942,404610
VIC,20170731,36.033,36.7768,35.9504,36.7769,1244560
VIC,20170728,34.9587,35.4546,34.7108,35.4545,431700
VIC,20170727,34.7934,35.2066,34.7934,34.9587,254710
VIC,20170726,34.7107,35.2066,34.5454,35.2066,508260
VIC,20170725,34.5454,34.7934,34.5454,34.7107,193720
VIC,20170724,35.0826,35.0826,34.6281,34.876,222770
VIC,20170721,34.7934,35.0826,34.4215,35.0826,563380
VIC,20170720,34.7107,35.0413,34.5454,35.0413,259280
VIC,20170719,35.124,35.124,34.6694,34.7107,300130
VIC,20170718,34.2975,34.9587,34.2975,34.9587,146220
VIC,20170717,35.124,35.124,34.5454,35.0413,489240
VIC,20170714,35.2066,35.2066,34.876,35.2066,355150
VIC,20170713,35.2066,35.2066,34.6281,35.2066,552600
VIC,20170712,35.0827,35.2066,34.7108,35.2066,459760
VIC,20170711,33.9669,34.7933,33.9669,34.7934,436010
VIC,20170710,34.9586,34.9586,33.8843,33.9669,555810
VIC,20170707,35.2479,35.2892,34.7107,34.7107,238900
VIC,20170706,35.1239,35.1239,34.7107,35.0413,324260
VIC,20170705,34.9586,35.0413,34.4214,34.7107,493510
VIC,20170704,34.8761,34.9587,34.2975,34.7107,938440
VIC,20170703,35.2893,35.2893,34.8761,34.9587,537620
VIC,20170630,35.2066,35.2893,34.9174,35.2893,452240
VIC,20170629,35.3719,35.3719,34.9586,35,171730
VIC,20170628,35.2066,35.2066,34.9173,35.0826,240730
VIC,20170627,35.3719,35.3719,35.124,35.2066,217480
VIC,20170626,34.7521,35.4959,34.7521,35.3719,579860
VIC,20170623,34.5455,34.7934,34.5455,34.7521,452090
VIC,20170622,35.2479,35.2893,34.7934,34.7934,291210
VIC,20170621,34.9587,35.3719,34.6694,35.3719,556290
VIC,20170620,35.7024,35.7024,34.9586,34.9587,475170
VIC,20170619,35.124,35.6198,35,35.6198,756020
VIC,20170616,35.4132,35.5372,35.0413,35.5372,3660640
VIC,20170615,34.3801,34.9587,34.3801,34.9587,777300
VIC,20170614,35.5372,35.6198,34.0496,34.2975,1835800
VIC,20170613,35.1653,35.5372,34.9174,35.5372,953070
VIC,20170612,34.5455,35,34.3802,35,1150090
VIC,20170609,34.2148,34.5454,34.2148,34.3802,538240
VIC,20170608,33.9669,34.5455,33.6364,34.1322,702230
VIC,20170607,33.595,33.8843,33.595,33.8843,494480
VIC,20170606,33.6777,33.6777,33.5124,33.595,439540
VIC,20170605,33.4711,33.595,33.2644,33.5537,494100
VIC,20170602,33.5124,33.595,33.3884,33.5537,630520
VIC,20170601,33.4711,33.5951,33.2645,33.5124,710890
VIC,20170531,33.3058,33.6364,33.2232,33.2645,633970
VIC,20170530,33.3057,33.5537,33.2644,33.2645,665930
VIC,20170529,33.4711,33.6777,33.0579,33.595,784880
VIC,20170526,33.1405,33.4711,33.0579,33.4711,724620
VIC,20170525,33.3058,33.4711,33.0166,33.0992,1822220
VIC,20170524,33.7603,33.8429,33.3884,33.4711,1407180
VIC,20170523,34.0496,34.0496,33.719,33.7603,799020
VIC,20170522,33.7191,34.2149,33.7191,34.0496,825830
VIC,20170519,34.1322,34.1322,33.6363,33.8017,645030
VIC,20170518,34.1322,34.4628,33.9256,34.1322,815460
VIC,20170517,34.1322,34.4628,34.0082,34.1322,538140
VIC,20170516,33.8843,34.2976,33.7191,34.2975,1007010
VIC,20170515,33.4711,34.1323,33.3058,33.8017,655580
VIC,20170512,33.3885,33.5537,33.3058,33.4711,372820
VIC,20170511,33.4711,33.7604,33.4298,33.4711,861350
VIC,20170510,33.5124,33.719,33.3884,33.4298,722530
VIC,20170509,33.3884,33.8016,33.3058,33.6777,579970
VIC,20170508,33.3884,33.5124,33.1818,33.3884,457360
VIC,20170505,33.3058,33.3884,33.1405,33.3884,518030
VIC,20170504,33.5124,33.5124,33.1405,33.3058,695060
VIC,20170503,33.967,33.967,33.3058,33.4711,330500
VIC,20170428,33.4711,33.8017,33.3885,33.8017,868180
VIC,20170427,33.3884,33.8843,33.3884,33.8017,532960
VIC,20170426,33.3884,33.4711,33.1405,33.3884,418510
VIC,20170425,33.0579,33.4711,33.0579,33.3471,291630
VIC,20170424,33.3058,33.8017,32.7686,33.0579,422960
VIC,20170421,33.2231,34.0909,33.2231,33.4711,473170
VIC,20170420,34.2975,34.3801,33.4711,33.5537,1169510
VIC,20170419,34.4628,34.4628,34.2562,34.2975,961170
VIC,20170418,34.2975,34.7107,34.1322,34.4628,420640
VIC,20170417,34.5041,34.7107,33.6777,34.5041,1273790
VIC,20170414,34.876,35,34.4628,34.5041,700080
VIC,20170413,34.7521,35.3306,34.7521,35.0413,860710
VIC,20170412,35.1653,35.4546,34.7108,34.7521,660120
VIC,20170411,34.7934,35.4958,34.7934,35.1653,1211260
VIC,20170410,34.7107,35.1239,34.6281,35.0413,949330
VIC,20170407,34.3802,34.7108,34.2976,34.7107,370920
VIC,20170405,34.7107,34.7933,34.3801,34.3802,526530
VIC,20170404,34.4628,34.7107,34.3388,34.7107,529490
VIC,20170403,34.6281,34.7108,34.2976,34.2975,623430
VIC,20170331,34.7934,35,34.5454,34.5455,604220
VIC,20170330,34.9586,35,34.7107,34.876,665180
VIC,20170329,34.9586,35.0413,34.7107,34.876,732520
VIC,20170328,35,35,34.7107,34.7107,710950
VIC,20170327,34.7934,35.0413,34.7107,35,1056690
VIC,20170324,34.9587,35.0827,34.8347,35,1562480
VIC,20170323,34.4215,35.2066,34.4215,35.124,1028940
VIC,20170322,34.2562,35.0413,34.2562,34.4215,1495860
VIC,20170321,36.1983,36.1983,33.8843,34.2562,6736840
VIC,20170320,36.6115,36.7768,35.7851,35.7851,1170670
VIC,20170317,36.5289,37.0248,36.1983,36.1983,1070220
VIC,20170316,35.7025,36.3636,35.7025,36.3636,192350
VIC,20170315,36.4463,36.529,35.7852,35.9504,557540
VIC,20170314,36.5289,36.7768,36.4049,36.405,370080
VIC,20170313,36.8595,36.9421,36.5289,36.5289,362880
VIC,20170310,36.4049,36.9421,36.3636,36.5289,841330
VIC,20170309,36.7769,36.7769,36.529,36.5289,271170
VIC,20170308,37.0661,37.0661,36.3636,36.7769,554530
VIC,20170307,36.9835,37.438,36.8595,37.0661,238620
VIC,20170306,37.1075,37.5207,36.8595,36.9835,366910
VIC,20170303,36.7356,37.1075,36.6116,36.7769,290560
VIC,20170302,36.8595,37.1487,36.3636,36.4463,794680
VIC,20170301,36.9422,37.4794,36.6116,36.9421,651080
VIC,20170228,38.1818,38.1818,37.1901,37.1901,1009600
VIC,20170227,37.438,38.4298,37.438,37.9752,788600
VIC,20170224,37.3967,38.0165,37.1074,37.3967,508290
VIC,20170223,37.7686,38.0165,37.1901,37.3967,584670
VIC,20170222,38.2644,38.6777,37.6033,37.7686,885490
VIC,20170221,37.438,38.843,37.438,38.3884,1291740
VIC,20170220,36.1983,37.5206,35.7851,37.438,804050
VIC,20170217,36.4462,36.4462,36.033,36.3636,692670
VIC,20170216,36.7769,36.9422,36.3637,36.3636,871460
VIC,20170215,35.2066,36.9422,35.2066,36.7769,2270860
VIC,20170214,35.2066,35.4133,35.0827,35.1653,496140
VIC,20170213,35.124,35.2066,34.9587,35.124,316160
VIC,20170210,35.2066,35.3305,34.752,35.124,834560
VIC,20170209,35.3719,35.4132,35.1653,35.2479,282170
VIC,20170208,35.4545,35.4545,35.2893,35.3306,334800
VIC,20170207,35.0413,35.3719,34.876,35.3719,794850
VIC,20170206,35.1239,35.2066,34.7107,35.0413,473180
VIC,20170203,35.124,35.124,34.6695,34.7107,397270
VIC,20170202,34.9586,35.4132,34.9586,35.124,390520
VIC,20170125,34.6281,34.7107,34.2975,34.7107,788030
VIC,20170124,34.876,34.876,34.2975,34.2975,539560
VIC,20170123,34.876,34.876,34.4628,34.7107,729750
VIC,20170120,34.8347,34.876,34.5867,34.7107,714290
VIC,20170119,34.7934,34.9587,34.5455,34.7107,1160620
VIC,20170118,34.9586,35.2479,34.7934,34.7934,743470
VIC,20170117,35.5372,35.5372,34.9587,35.2479,662430
VIC,20170116,35.7851,35.7851,35.4132,35.4132,249960
VIC,20170113,35.5785,35.9091,35.4959,35.7851,506040
VIC,20170112,35.7025,35.7851,35.4132,35.5372,518850
VIC,20170111,35.4545,35.909,35.2066,35.5372,415040
VIC,20170110,35.7025,35.7851,35.4132,35.4545,432520
VIC,20170109,35.7851,35.9504,35.7024,35.7025,459010
VIC,20170106,35.0413,35.9504,35,35.6198,850050
VIC,20170105,34.6281,35.0414,34.6281,34.9587,359450
VIC,20170104,34.3802,34.7521,34.3802,34.7521,314110
VIC,20170103,34.7107,34.7107,34.3801,34.3802,321500
VIC,20161230,34.3802,34.7107,34.3802,34.7107,704400
VIC,20161229,34.3802,34.7521,34.3802,34.6281,386900
VIC,20161228,35.0827,35.0827,34.3389,34.3802,1112890
VIC,20161227,34.7933,35.2479,34.7107,34.9587,260080
VIC,20161226,34.876,34.876,34.6281,34.7107,205460
VIC,20161223,34.3801,34.7933,34.3801,34.7934,282360
VIC,20161222,34.3802,34.7934,34.1736,34.7107,667670
VIC,20161221,34.5868,34.5868,34.1323,34.2149,766850
VIC,20161220,35.2479,35.5372,34.5868,34.5868,876460
VIC,20161219,35.2066,35.7852,35.2066,35.3719,620190
VIC,20161216,34.7107,35.1239,34.1735,35.124,3293250
VIC,20161215,34.9586,35.0413,34.5867,34.7107,388600
VIC,20161214,34.7107,35.1239,34.3801,35.0826,830990
VIC,20161213,34.7107,34.7107,33.9669,34.7107,1231230
VIC,20161212,34.3801,34.7107,34.1322,34.7107,756230
VIC,20161209,34.7107,34.7107,34.0495,34.7107,705920
VIC,20161208,34.2975,34.7107,34.2975,34.7107,713700
VIC,20161207,34.4628,34.7934,33.7603,34.7107,981090
VIC,20161206,34.6281,34.6281,33.843,34.4628,563020
VIC,20161205,34.7107,34.8347,34.2148,34.6694,672940
VIC,20161202,34.2975,34.876,34.2975,34.7107,627590
VIC,20161201,34.7933,34.876,34.2975,34.7107,701120
VIC,20161130,33.9256,34.7107,33.3884,34.7107,1461410
VIC,20161129,35.124,35.124,34.2976,34.2975,986930
VIC,20161128,34.5455,35.124,33.967,35.124,1107530
VIC,20161125,34.9587,35.124,34.2976,35.124,1651400
VIC,20161124,35.2893,35.2893,34.7521,35.124,619360
VIC,20161123,35.2066,35.3719,35.1653,35.2893,286930
VIC,20161122,35.0413,35.2892,35.0413,35.2066,261260
VIC,20161121,35.124,35.2066,34.876,35.2066,326180
VIC,20161118,35.5372,35.5372,34.9587,35.2066,376190
VIC,20161117,35.2067,35.3719,34.7521,35.2893,993910
VIC,20161116,35.3306,35.7851,35.2066,35.2893,465120
VIC,20161115,35.5371,35.9504,35.1652,35.3306,404110
VIC,20161114,36.1157,37.0248,35.4545,35.4545,1412440
VIC,20161111,35.3719,36.3636,35,36.3636,1006070
VIC,20161110,35.3719,35.5372,35.2066,35.3719,254060
VIC,20161109,35.4545,35.4545,34.7107,35.124,846210
VIC,20161108,35.2893,35.4546,35.2066,35.3719,351360
VIC,20161107,35.0413,35.4132,34.9587,35.3306,195260
VIC,20161104,34.7107,35.2892,34.7107,35.0413,166620
VIC,20161103,34.7934,35.3719,34.5868,35.0413,488460
VIC,20161102,35.3719,35.7025,34.9587,34.9587,481870
VIC,20161101,35.124,35.4133,35.124,35.3306,207880
VIC,20161031,35.1239,35.7438,34.9587,35.124,980500
VIC,20161028,35.3719,35.7025,35.2066,35.4132,711780
VIC,20161027,35.0413,35.4545,34.7107,35.3719,1053560
VIC,20161026,35.0414,35.3719,34.7108,35.0826,434490
VIC,20161025,35.0413,35.4132,34.9587,35.2893,555710
VIC,20161024,35.5372,35.5372,35.124,35.5372,587640
VIC,20161021,35.7851,35.7851,35.2892,35.5372,751380
VIC,20161020,36.033,36.033,35.5371,35.7851,331270
VIC,20161019,35.4132,36.1983,35.2892,36.1983,654870
VIC,20161018,35.5372,35.5372,35.124,35.4545,320680
VIC,20161017,35.5372,35.6198,35.2893,35.5372,542930
VIC,20161014,35.4132,35.8678,35.0413,35.5372,628940
VIC,20161013,35.1239,35.6198,34.6281,35.5372,1097150
VIC,20161012,34.7934,35.3719,34.7934,34.876,164250
VIC,20161011,34.876,35.124,34.4628,34.7934,307500
VIC,20161010,35.7025,35.7025,34.7107,34.7934,286190
VIC,20161007,35.5372,35.8678,35.0414,35.3719,250280
VIC,20161006,36.1983,36.1983,35.2066,35.2893,797640
VIC,20161005,36.6115,36.7768,36.1157,36.1983,254440
VIC,20161004,35.5372,36.3636,35.3719,36.3636,446930
VIC,20161003,36.7769,36.7769,35.5372,35.5372,1050750
VIC,20160930,36.7769,37.0248,35.124,36.7769,170270
VIC,20160929,36.9008,37.1487,36.8595,37.1488,218130
VIC,20160928,37.6033,37.6033,36.3636,36.9008,1071170
VIC,20160927,37.1074,37.9752,36.9421,37.9752,362780
VIC,20160926,36.6529,37.1901,36.1157,36.9421,420940
VIC,20160923,36.4462,36.6529,36.3636,36.6529,464830
VIC,20160922,36.1157,36.6942,36.1157,36.3636,1031190
VIC,20160921,35.5372,36.281,35.2066,36.1157,739790
VIC,20160920,34.4628,35.5372,34.2562,35.2066,779080
VIC,20160919,35.5372,35.5372,34.7108,34.9587,447860
VIC,20160916,33.6364,35.5372,33.6364,35.5372,2866190
VIC,20160915,33.4954,34.2397,33.0818,34.0496,824280
VIC,20160914,33.3952,33.3952,32.5856,32.5856,801730
VIC,20160913,33.3952,33.6651,33.0579,33.1253,393290
VIC,20160912,33.7325,33.7325,32.9904,33.5976,728040
VIC,20160909,32.7206,32.9904,32.5182,32.9229,918320
VIC,20160908,32.3832,32.3832,32.1134,32.2483,334150
VIC,20160907,32.4506,32.4506,31.9784,32.0459,515100
VIC,20160906,32.5856,32.653,32.3157,32.3157,598070
VIC,20160905,32.4507,32.4507,32.1133,32.3157,394080
VIC,20160901,32.5182,32.5856,32.1134,32.3832,349770
VIC,20160831,32.3832,32.7206,32.3158,32.4507,482190
VIC,20160830,32.3832,32.6531,32.0459,32.4507,233880
VIC,20160829,32.3832,32.8555,32.3832,32.3832,858310
VIC,20160826,32.3832,32.5856,32.3157,32.3832,240700
VIC,20160825,32.7205,32.7205,32.2482,32.5856,644830
VIC,20160824,32.7205,32.9229,32.5856,32.7205,478690
VIC,20160823,31.5062,32.7205,31.3038,32.7205,1687820
VIC,20160822,32.3832,32.3832,31.5062,31.6411,1594810
VIC,20160819,32.3832,32.653,31.8434,32.1808,1158000
VIC,20160818,32.9903,32.9903,32.1808,32.3157,432750
VIC,20160817,32.3157,32.8554,31.7085,32.3157,1763870
VIC,20160816,33.0579,33.0579,32.0459,32.3157,1691880
VIC,20160815,33.0579,33.0579,32.7206,33.0579,543500
VIC,20160812,33.3952,33.3952,32.788,33.0579,1226560
VIC,20160811,32.788,33.1928,32.5181,33.0579,1964870
VIC,20160810,30.8315,32.788,30.8315,32.788,2852080
VIC,20160809,30.022,30.899,30.022,30.6966,827360
VIC,20160808,30.1569,30.6966,28.0655,30.1569,3019390
VIC,20160805,31.3712,31.911,30.0219,30.1569,1844020
VIC,20160804,33.3951,33.4626,32.0458,32.0459,732590
VIC,20160803,33.7325,34.0699,33.0579,33.2602,1214100
VIC,20160802,34.0698,35.0818,34.0698,34.4072,1349020
VIC,20160801,34.7445,35.0819,34.0699,34.7445,460650
VIC,20160729,35.4191,35.4191,34.4071,34.4072,359260
VIC,20160728,34.7445,35.7565,34.4072,35.4191,528660
VIC,20160727,34.0698,34.4071,33.7325,34.4072,335420
VIC,20160726,34.0698,34.4071,33.5975,34.0698,266140
VIC,20160725,34.0698,34.4072,33.7325,34.0698,148890
VIC,20160722,34.0698,34.4071,33.4626,33.7325,628770
VIC,20160721,34.0698,34.7445,33.665,34.0698,622420
VIC,20160720,35.0818,35.4191,33.7325,33.7325,1193970
VIC,20160719,36.4311,36.7684,34.0698,35.0818,1550450
VIC,20160718,36.7684,36.7684,36.0938,36.4311,519810
VIC,20160715,36.4311,36.7685,35.7565,36.7684,373250
VIC,20160714,37.1058,37.4431,36.0938,36.0938,973530
VIC,20160713,35.4191,37.1058,35.4191,37.1058,1578230
VIC,20160712,34.4072,35.0819,34.4072,35.0818,1001810
VIC,20160711,34.7445,35.0818,34.0698,34.4072,632350
VIC,20160708,35.0818,35.0818,34.4072,34.7445,718620
VIC,20160707,34.7445,35.0819,34.0699,34.7445,640510
VIC,20160706,34.4072,34.7445,34.0699,34.4072,528660
VIC,20160705,34.7445,35.4192,34.4072,34.4072,579190
VIC,20160704,34.7445,35.0819,34.4072,34.4072,459790
VIC,20160701,34.0698,34.7445,33.665,34.4072,888200
VIC,20160630,32.7205,34.4072,32.5181,33.3277,814400
VIC,20160629,32.1808,32.7205,32.1808,32.3832,625710
VIC,20160628,32.6531,32.6531,32.1808,32.1808,414530
VIC,20160627,32.4156,33.0234,32.3481,32.6531,527320
VIC,20160624,32.213,32.213,30.0249,31.6052,1143290
VIC,20160623,32.213,32.5169,31.9091,32.213,291630
VIC,20160622,32.8208,32.8208,31.9091,31.9091,464600
VIC,20160621,32.8208,33.1247,32.5169,32.8208,333390
VIC,20160620,31.9091,32.8208,31.6052,32.5169,231660
VIC,20160617,32.213,32.5169,31.6052,31.6052,3234450
VIC,20160616,32.5169,32.8208,32.213,32.5169,455360
VIC,20160615,32.8208,33.1247,32.213,32.5169,311910
VIC,20160614,31.9091,32.5169,31.9091,32.5169,278210
VIC,20160613,32.5169,32.5169,31.9091,31.9091,631990
VIC,20160610,33.1247,33.4286,32.8208,32.8208,170630
VIC,20160609,33.1247,33.4286,32.8208,33.1247,113090
VIC,20160608,33.1247,34.0364,32.8208,33.1247,1064310
VIC,20160607,32.5169,33.1247,32.5169,33.1247,401370
VIC,20160606,32.8208,33.1247,32.213,32.5169,295810
VIC,20160603,32.5169,32.8208,32.213,32.8208,345410
VIC,20160602,32.5169,32.8208,32.213,32.5169,510870
VIC,20160601,32.213,32.5169,31.9091,32.5169,469570
VIC,20160531,32.5169,32.8208,31.9091,31.9091,418750
VIC,20160530,31.6052,32.8208,31.6052,32.5169,1078090
VIC,20160527,30.9974,31.6052,30.9974,31.3013,383940
VIC,20160526,31.6052,31.6052,30.6935,30.9974,611130
VIC,20160525,31.6052,31.9091,31.3013,31.6052,283630
VIC,20160524,32.213,32.213,31.3013,31.6052,471240
VIC,20160523,31.6052,31.6052,30.6935,31.6052,1410160
VIC,20160520,32.5169,32.8208,31.3013,31.3013,1554880
VIC,20160519,33.1247,33.1247,32.213,32.5169,623940
VIC,20160518,33.1247,33.1247,32.5169,32.5169,586250
VIC,20160517,33.7325,33.7325,33.1247,33.1247,518280
VIC,20160516,32.5169,33.7325,32.213,33.4286,1233650
VIC,20160513,32.5169,32.8208,32.213,32.5169,793060
VIC,20160512,32.8208,33.1247,32.5169,32.5169,469130
VIC,20160511,31.6052,32.5169,31.6052,32.5169,865680
VIC,20160510,31.6052,31.6052,30.9974,31.6052,698580
VIC,20160509,32.213,32.213,31.6052,31.6052,786590
VIC,20160506,31.6052,31.9091,31.6052,31.9091,813560
VIC,20160505,31.3013,32.213,31.3013,31.3013,413180
VIC,20160504,31.3013,31.9091,30.9974,30.9974,755160
VIC,20160429,31.9091,32.213,31.6052,31.9091,421970
VIC,20160428,32.213,32.5169,31.6052,31.6052,520580
VIC,20160427,33.4286,33.4286,31.6052,32.213,974580
VIC,20160426,31.9091,33.1247,31.9091,32.8208,724510
VIC,20160425,33.7325,34.0364,31.9091,31.9091,1404690
VIC,20160422,31.3013,33.4286,31.3013,33.1247,1729690
VIC,20160421,31.3013,31.9091,30.6935,31.3013,1196330
VIC,20160420,30.2073,30.9974,30.2073,30.6935,1417390
VIC,20160419,31.6052,31.6052,30.2073,30.2073,1021510
VIC,20160415,31.9091,33.1247,31.6052,31.6052,1549470
VIC,20160414,31.3013,33.1247,31.3013,31.9091,1075850
VIC,20160413,31.3013,32.213,30.6935,31.6052,807840
VIC,20160412,31.6052,31.9091,30.9974,31.6052,1157120
VIC,20160411,28.8702,30.6936,28.8702,30.6935,1288260
VIC,20160408,28.6878,28.9309,28.5055,28.8702,600280
VIC,20160407,28.9309,28.9917,28.627,28.6878,289730
VIC,20160406,28.627,28.9309,28.5054,28.9309,547050
VIC,20160405,28.627,28.7486,28.2623,28.627,323780
VIC,20160404,28.7486,28.7486,28.4447,28.627,351710
VIC,20160401,28.6878,28.8094,28.4447,28.6878,548420
VIC,20160331,28.2016,28.931,28.2016,28.6878,1398070
VIC,20160330,27.8977,28.5663,27.8977,28.5663,650730
VIC,20160329,28.5662,28.8094,28.3231,28.4447,1482760
VIC,20160328,28.0192,28.4447,27.8977,28.3839,820660
VIC,20160325,27.3507,27.9585,27.3507,27.8369,1257200
VIC,20160324,27.5938,27.6546,27.3507,27.4115,510060
VIC,20160323,27.3507,27.7154,27.1076,27.5938,1615870
VIC,20160322,27.4722,27.7153,27.2899,27.6546,657090
VIC,20160321,27.1684,27.7154,27.1684,27.4722,1039980
VIC,20160318,27.3507,27.4115,26.8037,26.8037,5451040
VIC,20160317,27.4723,27.5331,27.2899,27.3507,488110
VIC,20160316,27.1684,27.2899,27.1076,27.1076,434350
VIC,20160315,27.5938,27.9585,27.2291,27.3507,1073480
VIC,20160314,27.4115,27.6546,27.3507,27.5938,346630
VIC,20160311,28.2624,28.2624,27.5938,27.5938,560370
VIC,20160310,28.2624,28.4447,28.2016,28.2624,575310
VIC,20160309,28.2624,28.5055,28.2624,28.2624,1123530
VIC,20160308,27.7153,28.2016,27.7153,28.2016,1079780
VIC,20160307,27.8369,28.2624,27.6546,27.8369,557500
VIC,20160304,27.5938,27.9585,27.4722,27.8369,802550
VIC,20160303,27.4723,27.6546,27.3507,27.5938,491450
VIC,20160302,26.986,27.4115,26.8645,27.3507,560340
VIC,20160301,26.986,27.1076,26.4998,26.8037,956870
VIC,20160229,27.3507,27.3507,26.8037,26.8037,259290
VIC,20160226,27.7154,27.8369,27.1684,27.3507,1235270
VIC,20160225,27.6546,27.8977,27.5938,27.6546,528840
VIC,20160224,27.5938,27.8977,27.4115,27.5938,534860
VIC,20160223,27.4722,28.1408,27.4722,27.7154,418590
VIC,20160222,27.4115,27.4723,27.1076,27.4722,724960
VIC,20160219,27.8977,27.8977,26.9253,27.4115,1393710
VIC,20160218,27.9585,28.0801,27.7762,27.9585,595150
VIC,20160217,28.1409,28.1409,27.6546,27.6546,259490
VIC,20160216,28.0801,28.0801,27.6546,27.7154,392060
VIC,20160215,28.2623,28.3231,27.6545,27.6546,685060
VIC,20160205,28.2016,28.5663,28.2016,28.3231,895260
VIC,20160204,28.5663,28.8702,28.5663,28.5663,404050
VIC,20160203,28.384,28.5663,27.9585,28.5663,1102250
VIC,20160202,28.384,28.6879,28.384,28.5663,1017260
VIC,20160201,28.6878,29.1132,28.5662,28.5663,1133280
VIC,20160129,29.2956,29.2956,28.6878,28.9309,2231860
VIC,20160128,28.5663,29.3564,28.5663,29.3564,4244530
VIC,20160127,28.8702,28.931,28.5055,28.8702,3440360
VIC,20160126,29.1741,29.4172,28.7486,29.1741,1779070
VIC,20160125,29.478,29.478,29.1741,29.3564,1960040
VIC,20160122,29.0525,29.8426,29.0525,29.3564,1432160
VIC,20160121,28.9917,29.1741,28.7486,29.0525,2201170
VIC,20160120,28.6271,29.1741,28.6271,28.8094,1569270
VIC,20160119,28.6879,29.2349,28.6879,28.8702,736420
VIC,20160118,28.4447,28.931,27.3507,28.8702,2516720
VIC,20160115,29.2349,29.2349,28.8094,28.8702,931360
VIC,20160114,28.6878,29.2956,28.6878,29.1741,2616100
VIC,20160113,29.1741,29.1741,28.6879,29.1133,2003030
VIC,20160112,29.3564,29.4172,28.9309,29.1741,1030900
VIC,20160111,29.1741,29.8427,28.931,29.3564,1591300
VIC,20160108,28.8702,29.1741,28.5663,29.1741,1641950
VIC,20160107,28.4447,29.2957,28.2624,29.1741,2852010
VIC,20160106,28.8094,29.1133,28.384,28.8702,1976280
VIC,20160105,28.5663,28.9918,28.4447,28.8702,2480100
VIC,20160104,27.7153,28.8701,27.4722,28.8702,4809120
VIC,20151231,27.6546,27.9585,27.4115,27.7761,3361900
VIC,20151230,27.4115,27.9585,26.7429,27.9585,2836200
VIC,20151229,26.439,27.6546,26.1351,27.6546,2905940
VIC,20151228,25.7704,26.5605,25.7704,26.439,1494140
VIC,20151225,25.7096,25.8312,25.5273,25.7704,564790
VIC,20151224,25.4666,25.5881,25.345,25.5273,672060
VIC,20151223,25.0411,25.4665,25.0411,25.345,737670
VIC,20151222,25.2234,25.4057,25.1626,25.2842,366380
VIC,20151221,24.9195,25.2234,24.9195,25.2234,522360
VIC,20151218,25.4665,25.5881,24.3117,24.3117,2466150
VIC,20151217,25.5273,25.7097,25.4058,25.4665,575650
VIC,20151216,25.4057,25.7096,25.2842,25.345,522330
VIC,20151215,25.041,25.3449,25.041,25.2234,376440
VIC,20151214,25.2234,25.2842,24.9803,25.1018,614150
VIC,20151211,25.1018,25.2841,25.1018,25.2234,680860
VIC,20151210,25.4057,25.7096,25.1018,25.1018,622480
VIC,20151209,25.7704,26.3782,25.4057,25.4057,1356520
VIC,20151208,25.588,25.8919,25.4057,25.7704,778590
VIC,20151207,25.7704,25.7704,25.5273,25.7096,804560
VIC,20151204,25.8919,26.0743,25.6488,25.7096,564530
VIC,20151203,25.892,26.0743,25.8312,26.0135,417700
VIC,20151202,26.1351,26.3174,25.8919,25.892,723660
VIC,20151201,26.0743,26.1351,25.9527,26.0135,261670
VIC,20151130,25.7097,26.0136,25.6489,26.0135,942170
VIC,20151127,26.1958,26.2566,25.8311,25.892,645100
VIC,20151126,26.3782,26.3782,26.1959,26.2566,236160
VIC,20151125,26.3174,26.439,26.0743,26.3782,841660
VIC,20151124,26.5605,26.6213,26.3174,26.3782,478700
VIC,20151123,26.4997,26.6821,26.4997,26.5605,563750
VIC,20151120,26.5605,26.6821,26.3782,26.5605,679170
VIC,20151119,26.6821,26.6821,26.3782,26.3782,755330
VIC,20151118,26.4998,26.8037,26.3174,26.5605,686870
VIC,20151117,26.439,26.7429,26.3174,26.3782,814300
VIC,20151116,26.6821,26.8644,26.3782,26.3782,1007330
VIC,20151113,26.5605,26.9252,26.5605,26.9252,758120
VIC,20151112,26.6214,26.986,25.9528,26.5605,2052850
VIC,20151111,27.0468,27.2291,26.6821,26.8037,1367910
VIC,20151110,27.2292,27.4115,27.0468,27.0468,832570
VIC,20151109,27.5331,27.5938,27.2292,27.4115,602460
VIC,20151106,27.6546,27.8369,27.3507,27.4115,860260
VIC,20151105,27.6546,28.0193,27.6546,27.6546,765040
VIC,20151104,28.1408,28.4447,27.7154,27.7154,1389650
VIC,20151103,27.3507,27.9585,26.9252,27.9585,1349370
VIC,20151102,27.7154,27.8369,27.2899,27.3507,1108090
VIC,20151030,28.0193,28.0193,27.533,27.6546,1867210
VIC,20151029,26.986,27.9585,26.986,27.9585,3769240
VIC,20151028,27.0468,27.4722,26.986,26.986,1220690
VIC,20151027,26.986,27.2291,26.7429,26.986,694730
VIC,20151026,27.2291,27.7761,27.0468,27.0468,2448930
VIC,20151023,25.892,26.986,25.892,26.986,3208630
VIC,20151022,25.4058,26.0136,25.4058,25.8312,478920
VIC,20151021,25.8312,25.8312,25.345,25.345,578460
VIC,20151020,25.9528,25.9528,25.5881,25.6489,576750
VIC,20151019,26.0135,26.0135,25.8919,25.9528,341820
VIC,20151016,25.8312,26.0135,25.8312,26.0135,368830
VIC,20151015,25.9528,26.0135,25.8312,25.8312,539950
VIC,20151014,26.1351,26.1351,25.8312,25.8312,1173050
VIC,20151013,26.1958,26.2566,26.0135,26.0135,1174250
VIC,20151012,26.3174,26.4997,26.1958,26.2566,974660
VIC,20151009,26.439,26.6821,26.3174,26.3174,1831340
VIC,20151008,25.8312,26.8037,25.8312,26.439,2457280
VIC,20151007,25.6489,26.1959,25.4058,25.8312,2096590
VIC,20151006,25.5273,25.6489,25.4058,25.5881,841260
VIC,20151005,25.2842,25.345,25.2234,25.2842,472330
VIC,20151002,25.2842,25.345,25.1626,25.2842,494680
VIC,20151001,25.4666,25.5881,25.2842,25.2842,417940
VIC,20150930,25.4665,25.5273,25.345,25.345,338130
VIC,20150929,25.345,25.4665,25.1626,25.2842,431390
VIC,20150928,25.5881,25.6489,25.345,25.5273,465240
VIC,20150925,25.7704,25.7704,25.4665,25.5881,636970
VIC,20150924,25.9528,25.9528,25.7704,25.7704,664570
VIC,20150923,25.8312,25.9527,25.7704,25.8312,707360
VIC,20150922,26.0743,26.1351,25.892,26.0135,365500
VIC,20150921,25.7704,26.1351,25.6489,26.0743,1158500
VIC,20150918,25.7704,25.8312,25.5273,25.5273,6992330
VIC,20150917,25.5273,25.6489,25.345,25.5273,454840
VIC,20150916,25.345,25.4666,25.2842,25.345,1295070
VIC,20150915,25.4057,25.4057,25.1626,25.345,962630
VIC,20150914,25.5273,25.5273,25.2842,25.4057,477150
VIC,20150911,25.7704,25.7704,25.4665,25.5273,445540
VIC,20150910,25.3449,25.8312,25.041,25.7704,1097080
VIC,20150909,25.5273,25.5273,25.345,25.4665,514350
VIC,20150908,25.2842,25.4665,25.2234,25.345,580480
VIC,20150907,25.0411,25.4665,24.9803,25.2842,433750
VIC,20150904,25.0411,25.2234,24.9803,25.2234,716580
VIC,20150903,25.2234,25.2234,24.9195,24.9803,1232010
VIC,20150901,25.2234,25.345,24.7372,25.2234,885510
VIC,20150831,25.345,25.345,24.798,25.2234,886190
VIC,20150828,25.1626,25.345,24.7979,25.345,930510
VIC,20150827,24.5549,25.1019,24.3725,24.9195,1429370
VIC,20150826,24.1294,24.5548,24.0686,24.4333,1642870
VIC,20150825,23.5824,24.3725,23.5824,24.3725,2271270
VIC,20150824,24.3725,24.3725,23.0354,24.3725,2732410
VIC,20150821,24.4941,24.6764,23.5824,24.3725,3110370
VIC,20150820,24.7979,25.041,24.3724,24.6764,1142450
VIC,20150819,25.345,25.345,24.6764,24.7979,787690
VIC,20150818,24.9195,25.345,24.9195,25.345,563880
VIC,20150817,25.4057,25.7096,24.9195,24.9195,758640
VIC,20150814,25.8312,26.0743,25.2842,25.4057,819060
VIC,20150813,26.1959,26.1959,25.7704,25.8312,860480
VIC,20150812,26.5605,26.5605,26.1958,26.1959,810320
VIC,20150811,26.439,26.5606,26.3782,26.5605,1130250
VIC,20150810,26.1351,26.439,26.1351,26.439,802880
VIC,20150807,26.1959,26.1959,26.0743,26.1351,318890
VIC,20150806,26.135,26.2566,25.9527,26.1351,490170
VIC,20150805,26.1959,26.2567,26.0135,26.2566,494710
VIC,20150804,26.0136,26.1959,25.9528,26.1351,710800
VIC,20150803,25.9528,26.3782,25.892,26.1959,1810730
VIC,20150731,26.0743,26.3782,25.9528,26.1959,1367150
VIC,20150730,26.2566,26.3782,26.0743,26.1959,729400
VIC,20150729,26.7429,26.8036,26.1958,26.2566,1177900
VIC,20150728,26.8645,27.2899,26.6213,26.6213,2556060
VIC,20150727,26.7429,26.9252,26.5605,26.7429,1634930
VIC,20150724,26.986,26.986,26.4998,26.6213,752000
VIC,20150723,27.0468,27.3507,26.8037,26.8037,1096080
VIC,20150722,26.3174,27.1076,26.1959,27.0468,1978850
VIC,20150721,25.8312,26.3175,25.8312,26.1351,575410
VIC,20150720,25.9528,26.3175,25.7705,25.892,763460
VIC,20150717,26.1351,26.1958,25.8312,25.9528,770060
VIC,20150716,26.1351,26.3174,25.9528,26.0135,940730
VIC,20150715,26.8645,26.8645,26.3174,26.439,1452980
VIC,20150714,26.5606,26.8037,26.5606,26.7429,642340
VIC,20150713,26.9252,26.9252,26.7429,26.8037,1259500
VIC,20150710,26.9252,27.1076,26.7429,26.9252,1334490
VIC,20150709,26.1351,27.1076,26.0135,26.7429,1664850
VIC,20150708,26.8036,26.8036,26.2566,26.439,1648750
VIC,20150707,26.986,27.1684,26.8037,26.8644,2060130
VIC,20150706,27.3507,27.4115,26.7429,27.1076,1602770
VIC,20150703,26.986,27.2899,26.9252,27.1076,1937740
VIC,20150702,26.5605,26.6821,26.439,26.6821,1117760
VIC,20150701,26.7429,26.7429,26.1351,26.3782,797910
VIC,20150630,25.8312,26.8645,25.8312,26.439,3429780
VIC,20150629,25.5827,26.3119,25.5827,25.9528,1764630
VIC,20150626,25.0359,25.2766,25.0359,25.0358,1026800
VIC,20150625,25.0359,25.5173,24.7951,25.2766,1089400
VIC,20150624,24.7951,25.2765,24.7951,25.2766,780150
VIC,20150623,24.7951,25.2766,24.5544,25.0358,1356440
VIC,20150622,24.7951,25.0359,24.5544,24.7951,532730
VIC,20150619,24.5543,24.7951,24.3136,24.5544,944200
VIC,20150618,24.3136,24.5543,24.3136,24.3136,683660
VIC,20150617,24.3136,24.7951,23.9766,24.3136,653080
VIC,20150616,24.3136,24.5543,24.0247,24.3136,739750
VIC,20150615,25.0358,25.0358,24.0729,24.3136,850000
VIC,20150612,23.784,25.0358,23.7358,25.0358,2997570
VIC,20150611,23.3989,23.6878,23.3989,23.6877,528030
VIC,20150610,23.5915,23.6396,23.3508,23.3989,476610
VIC,20150609,23.6878,23.7359,23.5434,23.5915,446220
VIC,20150608,23.4952,23.8322,23.4952,23.5915,593240
VIC,20150605,23.4952,23.6878,23.3989,23.4952,626020
VIC,20150604,23.3507,23.5914,23.3507,23.4952,1277590
VIC,20150603,23.11,23.3988,23.11,23.2544,766250
VIC,20150602,23.4951,23.5433,23.1581,23.1581,418090
VIC,20150601,23.1582,23.6878,23.11,23.447,1238300
VIC,20150529,23.0137,23.1581,22.8693,22.8693,618530
VIC,20150528,23.11,23.2062,23.0137,23.0137,623820
VIC,20150527,23.3507,23.447,23.1581,23.1581,712170
VIC,20150526,23.1582,23.4952,23.1582,23.2544,623860
VIC,20150525,23.2544,23.2544,22.9655,23.2063,334190
VIC,20150522,22.6767,23.3507,22.5804,23.3507,1058290
VIC,20150521,22.6286,22.8693,22.5804,22.7248,387320
VIC,20150520,22.436,22.9175,22.436,22.6767,617150
VIC,20150519,22.4359,22.4841,22.2915,22.436,552310
VIC,20150518,22.6285,22.6766,22.2915,22.2915,1655740
VIC,20150515,22.8211,22.9655,22.6285,22.6285,458130
VIC,20150514,22.8693,22.9174,22.773,22.8211,83130
VIC,20150513,22.8693,22.9174,22.5323,22.8693,555300
VIC,20150512,23.2063,23.2063,22.6285,22.8693,618510
VIC,20150511,23.3507,23.3507,23.11,23.11,309660
VIC,20150508,23.3989,23.3989,23.2545,23.2544,70990
VIC,20150507,23.1581,23.3988,23.11,23.3989,262900
VIC,20150506,23.4952,23.4952,23.11,23.1581,186040
VIC,20150505,23.1581,23.4951,23.11,23.4952,762350
VIC,20150504,21.7619,23.447,21.7619,23.1581,1448720
VIC,20150427,23.5915,23.5915,23.3989,23.3989,242300
VIC,20150424,23.4952,23.5915,23.4471,23.4952,287890
VIC,20150423,23.4952,23.5915,23.3508,23.4952,584810
VIC,20150422,23.4951,23.4951,23.3507,23.3989,625130
VIC,20150421,23.3989,23.5433,23.3026,23.3507,591750
VIC,20150420,23.3989,23.5915,23.3508,23.3989,936960
VIC,20150417,23.2062,23.784,23.1581,23.4952,1078340
VIC,20150416,22.8693,23.3026,22.8693,23.1581,601670
VIC,20150415,23.0137,23.0618,22.6767,22.8693,443980
VIC,20150414,23.447,23.447,22.9174,22.9174,426570
VIC,20150413,22.9174,23.4471,22.9174,23.3989,1697520
VIC,20150410,22.2915,23.0618,22.2915,22.8693,1224360
VIC,20150409,22.1471,22.436,22.1471,22.1952,639520
VIC,20150408,22.2434,22.2915,22.1471,22.1471,611130
VIC,20150407,22.0989,22.2433,22.0026,22.2434,672070
VIC,20150406,22.1952,22.2433,22.0989,22.0989,455810
VIC,20150403,22.2915,22.2915,22.1952,22.1952,311650
VIC,20150402,22.3397,22.3397,22.099,22.2915,444740
VIC,20150401,22.6285,22.6285,22.147,22.1471,482240
VIC,20150331,22.436,22.6767,22.436,22.6285,710820
VIC,20150330,22.7248,22.773,22.436,22.436,934790
VIC,20150327,23.2545,23.2545,22.6286,22.6767,1097010
VIC,20150326,23.11,23.2063,22.8693,22.8693,581580
VIC,20150325,23.2544,23.3025,23.1581,23.2063,637570
VIC,20150324,23.2544,23.3025,23.1581,23.2544,1057820
VIC,20150323,23.3989,23.6396,23.2063,23.2544,709040
VIC,20150320,23.6396,23.6877,23.3989,23.3989,1952070
VIC,20150319,23.784,23.8322,23.4952,23.6396,787290
VIC,20150318,23.7359,23.784,23.6878,23.7359,709890
VIC,20150317,23.7358,23.784,23.6396,23.7359,332570
VIC,20150316,23.8322,23.8803,23.5433,23.6877,1155790
VIC,20150313,23.8803,24.0247,23.8322,23.8803,529480
VIC,20150312,23.7359,24.0248,23.7359,23.8803,814790
VIC,20150311,23.9285,23.9285,23.6878,23.7359,844110
VIC,20150310,23.8322,24.0248,23.7841,23.9285,895980
VIC,20150309,24.0248,24.3137,23.8804,23.9285,661550
VIC,20150306,24.0729,24.5544,24.0248,24.0248,1493200
VIC,20150305,24.5544,24.7951,24.3136,24.5544,845730
VIC,20150304,25.0358,25.0358,24.5543,24.7951,816360
VIC,20150303,24.0248,25.2766,24.0248,25.0358,2373010
VIC,20150302,23.8803,24.0729,23.8322,24.0248,788530
VIC,20150227,24.0729,24.0729,23.8322,23.8322,538120
VIC,20150226,24.0729,24.3136,23.6877,24.0248,1158830
VIC,20150225,24.5544,24.7951,24.0729,24.0729,756990
VIC,20150224,24.3136,24.7951,24.0729,24.7951,906580
VIC,20150213,24.0729,24.7951,24.0729,24.3136,1455720
VIC,20150212,23.5433,24.0729,23.4951,24.0729,2221520
VIC,20150211,22.8211,23.3507,22.7248,23.3507,894030
VIC,20150210,22.8693,22.9656,22.7249,22.7248,362290
VIC,20150209,22.5804,22.8693,22.5804,22.773,437370
VIC,20150206,22.6285,22.7248,22.5322,22.5804,160630
VIC,20150205,22.4841,22.6285,22.4841,22.5322,264080
VIC,20150204,22.773,22.773,22.3878,22.5804,754650
VIC,20150203,22.9656,23.0137,22.5804,22.5804,304890
VIC,20150202,23.11,23.1581,22.9656,22.9656,408830
VIC,20150130,22.9655,23.3026,22.9174,23.11,938950
VIC,20150129,22.9174,23.0137,22.8211,22.9174,185770
VIC,20150128,22.9174,23.11,22.8693,22.9174,323250
VIC,20150127,23.2063,23.2544,22.8211,23.11,517330
VIC,20150126,23.11,23.5433,23.11,23.2063,241650
VIC,20150123,22.8211,23.11,22.773,23.11,770380
VIC,20150122,22.8211,22.8211,22.6767,22.6767,204950
VIC,20150121,22.6767,22.8211,22.6767,22.6767,227060
VIC,20150120,22.8211,22.9174,22.6767,22.6767,316350
VIC,20150119,22.773,23.0619,22.7249,22.773,407620
VIC,20150116,22.8211,22.8211,22.6285,22.773,275570
VIC,20150115,22.6767,22.8693,22.5323,22.8211,826580
VIC,20150114,22.8211,22.8211,22.6286,22.6767,585600
VIC,20150113,22.7249,22.9174,22.5804,22.6767,784490
VIC,20150112,23.0137,23.2063,22.773,22.773,472380
VIC,20150109,23.11,23.3989,23.0137,23.0137,969330
VIC,20150108,22.9656,23.3026,22.9656,23.11,788420
VIC,20150107,23.0137,23.11,22.8693,22.9656,319600
VIC,20150106,22.8211,23.0137,22.773,23.0137,462360
VIC,20150105,22.9656,22.9656,22.773,22.9174,320790
VIC,20141231,22.9174,23.11,22.8212,22.9656,334990
VIC,20141230,22.7248,22.8693,22.6285,22.8693,1029140
VIC,20141229,22.1953,22.6767,22.1953,22.5804,446970
VIC,20141226,22.0989,22.5804,21.8582,22.436,824220
VIC,20141225,22.5322,22.5322,22.0989,22.0989,165880
VIC,20141224,22.5804,22.5804,22.3878,22.4841,110740
VIC,20141223,22.6285,22.7248,22.3396,22.3878,196630
VIC,20141222,22.8211,22.8211,22.6285,22.6285,835050
VIC,20141219,22.5323,22.9174,22.436,22.6285,3336130
VIC,20141218,22.0026,22.7248,21.7137,22.6767,1089700
VIC,20141217,22.6285,22.7248,21.1841,21.6656,2256690
VIC,20141216,23.11,23.11,22.5804,22.6285,1232870
VIC,20141215,23.2063,23.2544,23.11,23.1581,412390
VIC,20141212,23.1582,23.3507,23.1582,23.2063,672740
VIC,20141211,23.11,23.5914,23.11,23.2063,1202410
VIC,20141210,22.8693,23.5433,22.8693,23.447,765320
VIC,20141209,23.447,23.4952,22.8211,23.0137,1396920
VIC,20141208,23.4951,23.6396,23.3026,23.5433,985520
VIC,20141205,23.3026,23.5433,23.3026,23.447,890450
VIC,20141204,23.3025,23.447,23.2544,23.3026,516730
VIC,20141203,23.3507,23.3988,23.2063,23.2544,1457650
VIC,20141202,23.5433,23.5433,23.3508,23.3507,868170
VIC,20141201,23.2544,23.5914,23.2544,23.3989,403800
VIC,20141128,23.3507,23.6396,23.2544,23.2544,1001310
VIC,20141127,23.3507,23.3507,23.11,23.2063,360070
VIC,20141126,23.8322,23.8322,23.3026,23.3026,1543650
VIC,20141125,23.2544,23.7359,23.2063,23.7359,1661680
VIC,20141124,23.11,23.3989,22.8693,23.11,781250
VIC,20141121,23.2063,23.3026,23.0619,23.11,948120
VIC,20141120,23.3507,23.4952,23.2063,23.2063,835340
VIC,20141119,23.2544,23.3988,23.2063,23.3026,884820
VIC,20141118,23.7359,23.784,23.3507,23.3507,1353050
VIC,20141117,23.8321,24.0247,23.784,23.8803,1164180
VIC,20141114,23.4952,23.8322,23.3508,23.784,2765430
VIC,20141113,23.4952,23.6396,23.3989,23.4952,934660
VIC,20141112,23.3989,23.5915,23.3989,23.4952,1106560
VIC,20141111,23.447,23.4951,23.3026,23.3989,761240
VIC,20141110,23.2544,23.6877,23.2544,23.447,1522760
VIC,20141107,23.1581,23.2544,23.0618,23.2544,567090
VIC,20141106,23.3988,23.3988,23.11,23.1581,747280
VIC,20141105,23.3507,23.447,23.0618,23.3507,751310
VIC,20141104,23.4951,23.6877,23.3025,23.3507,1086740
VIC,20141103,23.3507,23.784,23.3026,23.6877,2671730
VIC,20141031,22.9174,23.11,22.6767,23.11,970860
VIC,20141030,23.0137,23.11,22.8693,22.9174,772160
VIC,20141029,22.7248,22.9655,22.5803,22.9656,1124220
VIC,20141028,22.5323,22.7248,22.4841,22.5322,912980
VIC,20141027,22.773,23.0137,22.4841,22.5804,1231950
VIC,20141024,22.773,23.0619,22.6767,22.9656,740530
VIC,20141023,22.9656,23.2063,22.773,22.773,1575350
VIC,20141022,23.5914,23.784,23.11,23.11,2071480
VIC,20141021,22.7729,23.5433,22.7248,23.5433,2846410
VIC,20141020,22.3878,23.11,22.3396,22.6285,1219710
VIC,20141017,22.2434,22.5804,22.0026,22.2915,2491500
VIC,20141016,22.8212,22.9656,22.1471,22.3878,2950030
VIC,20141015,23.11,23.1581,22.7729,22.9656,1838510
VIC,20141014,23.4952,23.5915,23.1582,23.1581,2095390
VIC,20141013,23.3989,23.7841,23.3989,23.4952,1207120
VIC,20141010,23.447,23.9285,23.3026,23.3989,1715080
VIC,20141009,24.0729,24.3137,23.4952,23.5433,3946480
VIC,20141008,24.0729,24.5543,24.0247,24.0248,1628530
VIC,20141007,24.7951,24.7951,24.3137,24.3136,1531200
VIC,20141006,24.5544,25.0358,24.3136,24.5544,1352160
VIC,20141003,23.3989,24.7951,23.2545,24.0729,4304000
VIC,20141002,23.8322,23.8322,23.3989,23.5915,2455680
VIC,20141001,23.11,23.8322,23.11,23.8322,1688520
VIC,20140930,22.9174,23.3988,22.0508,23.11,4871710
VIC,20140929,24.5544,24.5544,23.2063,23.3507,2850510
VIC,20140926,24.7951,25.5173,24.7951,24.7951,2115680
VIC,20140925,25.9987,25.9987,25.0358,25.0358,7753290
VIC,20140924,26.9617,26.9617,26.4802,26.7209,1182150
VIC,20140923,26.2395,26.9617,26.2395,26.9617,1498020
VIC,20140922,26.4802,26.721,26.2395,26.2395,750170
VIC,20140919,25.9988,26.721,25.758,26.2395,3504070
VIC,20140918,26.2395,26.2395,25.758,26.2395,1683380
VIC,20140917,26.4802,26.4802,25.758,26.2395,1987090
VIC,20140916,26.2395,26.2395,25.5173,26.2395,2744360
VIC,20140915,26.7209,26.9616,26.2394,26.2395,1576130
VIC,20140912,26.4802,26.9617,26.4802,26.7209,1671630
VIC,20140911,26.4802,26.9617,26.2395,26.2395,2160590
VIC,20140910,26.4802,26.9616,25.9987,26.4802,3656420
VIC,20140909,27.2024,27.2024,26.2395,26.7209,1881730
VIC,20140908,26.9616,27.6838,26.9616,27.2024,1466720
VIC,20140905,27.4431,27.6838,26.7209,26.7209,5229900
VIC,20140904,27.6839,27.9246,27.4431,27.6838,2269860
VIC,20140903,28.1653,28.406,27.6838,27.9246,3399560
VIC,20140829,27.4432,28.6468,26.721,28.1653,3117820
VIC,20140828,27.6838,27.6838,26.7209,26.9617,3366640
VIC,20140827,28.406,28.8874,27.6838,27.6838,3137220
VIC,20140826,27.68,27.68,27.4393,27.6838,717890
VIC,20140825,25.5466,25.866,25.387,25.7063,1655160
VIC,20140822,24.7483,25.5466,24.7483,25.2273,1635580
VIC,20140821,24.7483,24.9079,24.2693,24.7483,1112210
VIC,20140820,24.908,25.0677,24.5887,24.5886,770600
VIC,20140819,25.0677,25.2273,24.7483,24.908,704120
VIC,20140818,24.908,25.2273,24.7483,24.908,615090
VIC,20140815,25.2273,25.3869,24.7483,24.7483,2248120
VIC,20140814,25.0677,25.2273,24.5887,25.0676,1829170
VIC,20140813,24.7483,25.0676,24.5886,24.908,1657240
VIC,20140812,24.2693,25.0676,24.2693,25.0676,1732400
VIC,20140811,24.1096,24.2693,23.95,24.2693,624140
VIC,20140808,24.2693,24.5886,24.1096,24.2693,871560
VIC,20140807,24.429,24.7483,24.429,24.5886,629310
VIC,20140806,24.0941,25.0515,23.7749,24.7483,1804610
VIC,20140805,24.2131,24.2131,23.7475,23.9026,1891980
VIC,20140804,23.437,24.3683,23.437,24.2131,979240
VIC,20140801,22.9714,23.5922,22.8162,23.437,638690
VIC,20140731,22.6609,23.1265,22.5057,22.9714,803780
VIC,20140730,22.6609,22.8161,22.5057,22.6609,331720
VIC,20140729,22.6609,22.6609,22.1953,22.6609,397580
VIC,20140728,22.6609,22.6609,22.3505,22.3505,509880
VIC,20140725,22.0401,22.9714,21.8849,22.6609,1328790
VIC,20140724,21.7297,22.0401,21.5745,21.8849,730540
VIC,20140723,21.8849,21.8849,21.7297,21.7297,149720
VIC,20140722,21.8849,22.0401,21.7297,21.7297,218190
VIC,20140721,22.0401,22.3505,21.7297,21.8849,756480
VIC,20140718,21.4192,22.04,21.4192,21.7297,781080
VIC,20140717,21.7297,21.7297,21.4193,21.4192,256930
VIC,20140716,21.8849,21.8849,21.5745,21.7297,405580
VIC,20140715,21.5744,21.8848,21.5744,21.7297,323760
VIC,20140714,21.7296,21.8848,21.4192,21.5744,274390
VIC,20140711,21.4192,21.7296,21.4192,21.5744,446060
VIC,20140710,22.0401,22.0401,21.4193,21.5744,289160
VIC,20140709,22.1953,22.3505,22.0401,22.0401,307680
VIC,20140708,23.2818,23.2818,22.0401,22.1953,1315750
VIC,20140707,22.0401,22.0401,22.0401,22.0401,662250
VIC,20140704,20.3328,20.6432,20.1776,20.6432,271870
VIC,20140703,20.1775,20.3327,20.0223,20.3328,198570
VIC,20140702,20.0223,20.1775,19.8671,20.0223,47370
VIC,20140701,19.8671,20.1775,19.8671,20.0223,183330
VIC,20140630,19.7119,19.8671,19.5567,19.8671,213360
VIC,20140627,20.0223,20.0223,19.7119,19.7119,75660
VIC,20140626,20.0223,20.1775,19.8671,20.0223,165720
VIC,20140625,19.7119,20.0223,19.7119,20.0223,277900
VIC,20140624,19.7119,19.8671,19.5567,19.7119,289340
VIC,20140623,19.7119,19.8671,19.5567,19.7119,289800
VIC,20140620,19.8671,20.1775,19.4015,19.4015,1200250
VIC,20140619,20.0223,20.0223,19.7119,19.7119,224650
VIC,20140618,20.0223,20.1775,19.8671,20.1775,195090
VIC,20140617,20.0223,20.1775,19.8671,20.0223,137500
VIC,20140616,20.0223,20.1775,20.0223,20.1775,128740
VIC,20140613,20.1775,20.3327,20.0223,20.0223,154110
VIC,20140612,20.3328,20.488,20.1776,20.1775,158980
VIC,20140611,20.3328,20.488,20.3328,20.3328,87450
VIC,20140610,20.488,20.488,20.1776,20.3328,178030
VIC,20140609,20.3327,20.4879,20.1775,20.488,112650
VIC,20140606,20.1775,20.3327,20.1775,20.1775,107290
VIC,20140605,20.0223,20.3327,19.7119,20.1775,94140
VIC,20140604,20.7984,20.7984,19.8671,20.0223,107760
VIC,20140603,20.9536,20.9536,20.7984,20.7984,148340
VIC,20140602,21.1088,21.1088,20.7984,20.9536,206710
VIC,20140530,20.7984,21.264,20.488,21.264,455870
VIC,20140529,20.6432,20.9536,20.6432,20.7984,227100
VIC,20140528,20.7984,20.7984,20.488,20.6432,139920
VIC,20140527,20.7984,20.7984,20.6432,20.7984,151300
VIC,20140526,20.6432,20.9536,20.488,20.7984,336430
VIC,20140523,20.6432,20.7984,20.488,20.6432,188440
VIC,20140522,20.7984,20.9536,20.488,20.488,283130
VIC,20140521,20.7984,20.9536,20.488,20.7984,510090
VIC,20140520,20.488,20.7984,20.1776,20.6432,74920
VIC,20140519,20.4879,20.7983,20.3327,20.7984,651700
VIC,20140516,19.7119,20.3327,19.7119,20.1775,138200
VIC,20140515,20.0223,20.3327,19.5567,20.0223,251360
VIC,20140514,19.2463,20.1776,19.2463,20.0223,360580
VIC,20140513,19.4015,19.4015,18.9359,19.4015,193560
VIC,20140512,19.7119,19.7119,18.7806,19.4015,475820
VIC,20140509,19.2463,19.8671,19.2463,19.8671,609100
VIC,20140508,19.5567,19.5567,18.7806,19.4015,1477880
VIC,20140507,19.4015,20.1775,19.4015,20.0223,391550
VIC,20140506,19.4015,19.7119,19.2463,19.7119,877520
VIC,20140505,20.1775,20.1775,19.8671,19.8671,768250
VIC,20140429,20.3328,20.6432,20.0224,20.1775,588810
VIC,20140428,20.7984,20.7984,20.1776,20.3328,452850
VIC,20140425,20.6432,20.9536,20.6432,20.7984,642550
VIC,20140424,20.7984,20.9536,20.6432,20.7984,319690
VIC,20140423,20.6432,21.1088,20.488,20.7984,779980
VIC,20140422,19.8671,20.4879,19.8671,20.488,898000
VIC,20140421,20.1775,20.3327,19.8671,20.0223,385040
VIC,20140418,20.6432,20.6432,20.0224,20.1775,654850
VIC,20140417,20.6432,20.9536,20.488,20.6432,872910
VIC,20140416,20.9536,21.1088,20.3327,20.488,858690
VIC,20140415,21.1088,21.5744,20.9536,21.1088,656970
VIC,20140414,21.4192,21.4192,20.9536,21.264,766980
VIC,20140411,21.5745,21.7297,21.2641,21.4192,494540
VIC,20140410,22.3505,22.5057,21.7297,21.8849,1327050
VIC,20140408,22.5057,22.6609,22.0401,22.0401,875040
VIC,20140407,22.8161,22.9713,22.6609,22.6609,816100
VIC,20140404,22.8161,22.9713,22.6609,22.8161,825720
VIC,20140403,22.6609,22.9713,22.6609,22.8161,142310
VIC,20140402,22.5057,22.6609,22.0401,22.5057,836130
VIC,20140401,22.8161,22.8161,22.3505,22.5057,398500
VIC,20140331,23.2818,23.2818,22.8162,22.8161,230690
VIC,20140328,23.2818,23.2818,22.9714,22.9714,300040
VIC,20140327,23.1265,23.1265,22.3505,23.1266,570750
VIC,20140326,23.7474,23.7474,22.6609,22.8161,316700
VIC,20140325,24.0579,24.0579,23.7475,23.7474,205980
VIC,20140324,24.2131,24.3683,23.9027,24.2131,238500
VIC,20140321,24.0578,24.3682,23.9026,24.3683,2543040
VIC,20140320,24.0578,24.213,23.7474,23.7474,424610
VIC,20140319,23.9026,24.213,23.9026,24.0578,430220
VIC,20140318,24.0579,24.2131,23.9027,24.0578,1153490
VIC,20140317,23.9026,24.3683,23.9026,24.3683,1132960
VIC,20140314,23.9026,23.9026,23.437,23.5922,321940
VIC,20140313,23.9026,24.0578,23.7474,23.9026,297830
VIC,20140312,23.7474,24.2131,23.5922,23.9026,525690
VIC,20140311,23.437,23.5922,23.1266,23.2818,100320
VIC,20140310,23.437,23.5922,23.2818,23.437,112090
VIC,20140307,23.1266,23.437,23.1266,23.2818,93650
VIC,20140306,23.1266,23.5922,23.1266,23.1266,209630
VIC,20140305,22.9713,23.2817,22.8161,23.1266,333980
VIC,20140304,22.9714,23.1266,22.5058,22.8161,364470
VIC,20140303,23.9026,24.0578,22.9713,23.1266,298310
VIC,20140228,24.2131,24.2131,23.7475,23.7474,183980
VIC,20140227,24.213,24.213,23.9026,24.2131,155860
VIC,20140226,24.2131,24.2131,23.9027,24.0578,107900
VIC,20140225,24.0579,24.3683,24.0579,24.2131,143390
VIC,20140224,24.3682,24.3682,24.0578,24.2131,86730
VIC,20140221,24.3683,24.3683,24.0579,24.0578,148430
VIC,20140220,24.3683,24.3683,23.9027,24.3683,213160
VIC,20140219,24.5235,24.5235,24.0579,24.3683,194840
VIC,20140218,24.213,24.3682,23.9026,24.2131,306040
VIC,20140217,23.9026,23.9026,23.5922,23.7474,178110
VIC,20140214,24.2131,24.3683,23.9027,23.9026,146690
VIC,20140213,24.0578,24.213,23.9026,24.2131,289440
VIC,20140212,23.7474,24.0578,23.5922,24.0578,165600
VIC,20140211,23.9026,23.9026,23.5922,23.7474,613520
VIC,20140210,23.1266,23.5922,23.1266,23.5922,94390
VIC,20140207,23.7474,23.7474,22.9714,23.1266,223270
VIC,20140206,23.7474,23.7474,23.1266,23.437,263650
VIC,20140127,23.7474,23.7474,23.5922,23.7474,148840
VIC,20140124,23.5922,23.7474,23.2818,23.7474,191230
VIC,20140123,23.9026,23.9026,23.2818,23.437,130540
VIC,20140122,24.6787,24.8339,23.9026,23.9026,418970
VIC,20140121,23.9026,24.8339,22.8161,24.6787,659560
VIC,20140120,22.8161,23.9026,22.8161,23.5922,1235820
VIC,20140117,21.8849,23.2818,21.8849,22.5057,561090
VIC,20140116,21.8849,21.8849,21.7297,21.8849,53630
VIC,20140115,21.7297,22.0401,21.7297,21.8849,165250
VIC,20140114,22.0401,22.0401,21.8849,21.8849,111540
VIC,20140113,22.1953,22.1953,21.8849,22.0401,102090
VIC,20140110,22.0401,22.1953,21.8849,22.0401,143010
VIC,20140109,21.7297,21.8849,21.5745,21.8849,185370
VIC,20140108,21.7297,21.8849,21.7297,21.7297,109890
VIC,20140107,21.8849,21.8849,21.7297,21.8849,294120
VIC,20140106,21.8849,21.8849,21.5745,21.8849,111760
VIC,20140103,21.7297,21.8849,21.5745,21.8849,91920
VIC,20140102,21.7297,21.8849,21.5745,21.7297,74950
VIC,20131231,21.7296,21.8848,21.1088,21.7297,96990
VIC,20131230,21.7297,21.7297,21.2641,21.4192,244580
VIC,20131227,21.8849,21.8849,21.4193,21.7297,149540
VIC,20131226,21.4192,21.8848,21.264,21.7297,465220
VIC,20131225,21.5744,21.5744,21.1088,21.4192,164890
VIC,20131224,21.4193,21.7297,21.2641,21.5744,130170
VIC,20131223,21.1088,21.7297,20.9536,21.7297,78040
VIC,20131220,21.7297,21.7297,20.488,20.488,610150
VIC,20131219,21.5745,21.8849,21.4193,21.7297,210000
VIC,20131218,21.7297,22.0401,21.2641,22.0401,54910
VIC,20131217,21.1088,21.7297,20.9536,21.7297,158210
VIC,20131216,21.7297,22.0401,20.9536,20.9536,300030
VIC,20131213,22.0401,22.3505,22.0401,22.0401,95740
VIC,20131212,22.0401,22.1953,22.0401,22.1953,44460
VIC,20131211,22.1953,22.1953,21.8849,22.1953,69190
VIC,20131210,22.0401,22.3505,21.8849,22.1953,311260
VIC,20131209,22.1953,22.1953,21.8849,22.0401,105100
VIC,20131206,21.8849,22.0401,21.8849,22.0401,81510
VIC,20131205,22.0401,22.1953,21.7297,22.0401,238180
VIC,20131204,21.8849,22.1953,21.8849,22.0401,69710
VIC,20131203,21.7297,22.0401,21.7297,22.0401,282280
VIC,20131202,21.264,21.7296,21.264,21.7297,176520
VIC,20131129,21.1088,21.4192,21.1088,21.4192,358020
VIC,20131128,20.9536,21.1088,20.7984,21.1088,275520
VIC,20131127,21.264,21.264,20.7984,20.7984,522130
VIC,20131126,21.264,21.264,20.7984,21.264,731520
VIC,20131125,21.1088,21.4192,21.1088,21.264,229550
VIC,20131122,21.1088,21.264,20.9536,21.1088,251730
VIC,20131121,21.1088,21.4192,20.9536,21.1088,229600
VIC,20131120,20.9536,21.1088,20.7984,21.1088,186590
VIC,20131119,20.7984,21.1088,20.6432,21.1088,355360
VIC,20131118,20.7984,21.1088,20.6432,20.7984,470600
VIC,20131115,20.6432,20.7984,20.488,20.6432,482580
VIC,20131114,20.1776,20.6432,20.1776,20.6432,469050
VIC,20131113,20.3328,20.6432,20.3328,20.488,257600
VIC,20131112,20.488,20.6432,20.1776,20.488,212900
VIC,20131111,20.6432,20.6432,20.1776,20.488,74310
VIC,20131108,20.488,20.6432,20.488,20.488,122590
VIC,20131107,20.6432,20.7984,20.3328,20.6432,198630
VIC,20131106,20.488,20.7984,20.488,20.6432,217440
VIC,20131105,20.6432,20.9536,20.3328,20.6432,90080
VIC,20131104,20.7984,20.9536,20.488,20.7984,88640
VIC,20131101,20.9536,20.9536,20.6432,20.7984,81420
VIC,20131031,20.7984,20.9536,20.7984,20.9536,132420
VIC,20131030,20.6432,20.7984,20.488,20.7984,182310
VIC,20131029,20.3328,20.488,20.1776,20.488,90160
VIC,20131028,20.6432,20.6432,20.3328,20.488,52520
VIC,20131025,20.6432,20.7984,20.488,20.6432,71350
VIC,20131024,20.9536,20.9536,20.488,20.6432,133480
VIC,20131023,20.7984,20.9536,20.6432,20.9536,255940
VIC,20131022,20.488,20.7984,20.488,20.6432,247120
VIC,20131021,20.3328,20.6432,20.1776,20.488,247830
VIC,20131018,20.1775,20.3327,19.8671,20.3328,208190
VIC,20131017,20.0223,20.3327,20.0223,20.1775,251590
VIC,20131016,19.8671,20.1775,19.8671,20.0223,363210
VIC,20131015,19.5567,19.8671,19.5567,19.8671,186260
VIC,20131014,19.8671,19.8671,19.5567,19.7119,57260
VIC,20131011,19.8671,20.0223,19.7119,19.8671,242240
VIC,20131010,19.8671,19.8671,19.5567,19.8671,163200
VIC,20131009,20.0223,20.0223,19.7119,19.8671,87560
VIC,20131008,19.8671,20.1775,19.8671,19.8671,1562330
VIC,20131007,19.5567,19.8671,19.4015,19.8671,472720
VIC,20131004,19.4015,19.5567,19.4015,19.5567,382690
VIC,20131003,19.5567,19.5567,19.2463,19.4015,212530
VIC,20131002,19.4015,19.5567,19.2463,19.4015,276360
VIC,20131001,19.4015,19.5567,19.2463,19.2463,432890
VIC,20130930,19.4015,19.5567,19.2463,19.4015,369040
VIC,20130927,19.4015,19.5567,19.2463,19.4015,137190
VIC,20130926,19.2463,19.5567,19.2463,19.4015,141530
VIC,20130925,19.4015,19.5567,19.2463,19.2463,325130
VIC,20130924,19.0911,19.4015,19.0911,19.4015,176720
VIC,20130923,19.4015,19.4015,19.0911,19.2463,69140
VIC,20130920,19.4015,19.4015,19.0911,19.0911,883320
VIC,20130919,19.5567,19.5567,19.4015,19.4015,170480
VIC,20130918,19.4015,19.5567,19.2463,19.4015,153790
VIC,20130917,19.5567,19.5567,19.4015,19.4015,116100
VIC,20130916,19.7119,19.7119,19.4015,19.4015,266060
VIC,20130913,19.4015,19.8671,19.4015,19.5567,195260
VIC,20130912,19.5567,19.7119,19.4015,19.5567,148430
VIC,20130911,19.5567,19.7119,19.4015,19.7119,223790
VIC,20130910,19.2463,19.7119,19.2463,19.5567,129590
VIC,20130909,19.5567,19.7119,19.2463,19.2463,309190
VIC,20130906,19.2463,19.8671,19.0911,19.7119,1846240
VIC,20130905,19.0911,19.4015,18.9359,19.2463,280670
VIC,20130904,19.0911,19.4015,18.9359,19.2463,363360
VIC,20130903,19.2463,19.4015,19.0911,19.2463,166220
VIC,20130830,19.0911,19.4015,19.0911,19.4015,157030
VIC,20130829,19.5567,19.7119,19.0911,19.0911,463010
VIC,20130828,19.7119,19.7119,18.7806,19.7119,774770
VIC,20130827,20.0223,20.1775,19.8671,19.8671,145150
VIC,20130826,20.488,20.488,20.0224,20.1775,284690
VIC,20130823,20.6432,20.7984,20.0224,20.488,284080
VIC,20130822,20.1776,20.9536,20.1776,20.6432,629460
VIC,20130821,20.1775,20.4879,19.8671,20.3328,330550
VIC,20130820,20.488,20.6432,20.0224,20.1775,442460
VIC,20130819,20.6432,20.9536,20.488,20.488,433700
VIC,20130816,20.488,20.6432,20.3328,20.6432,305030
VIC,20130815,20.488,20.7984,20.488,20.488,844420
VIC,20130814,20.1775,20.3327,19.8671,20.3328,190870
VIC,20130813,20.1775,20.3327,20.0223,20.1775,225200
VIC,20130812,20.488,20.488,20.0224,20.0223,185980
VIC,20130809,20.488,20.6432,20.1776,20.488,268440
VIC,20130808,20.488,20.6432,20.3328,20.488,280580
VIC,20130807,20.0223,20.6431,19.8671,20.488,506530
VIC,20130806,19.7119,20.0223,19.5567,20.0223,397020
VIC,20130805,19.5567,19.8671,19.5567,19.8671,264270
VIC,20130802,19.5567,19.8671,19.5567,19.7119,171820
VIC,20130801,19.2463,19.7119,19.2463,19.7119,185760
VIC,20130731,19.2463,19.5567,18.9359,19.5567,273900
VIC,20130730,19.5567,19.7119,19.2463,19.2463,176550
VIC,20130729,19.7119,19.8671,19.5567,19.5567,1029000
VIC,20130726,19.8671,19.8671,19.5567,19.8671,3877670
VIC,20130725,19.7119,19.8671,19.5567,19.8671,4287660
VIC,20130724,19.7119,19.8671,19.4015,19.7119,2637950
VIC,20130723,19.7119,19.8671,19.5567,19.7119,4466240
VIC,20130722,19.8671,19.8671,19.5567,19.7119,4404440
VIC,20130719,19.8671,20.0223,19.5567,19.8671,3411160
VIC,20130718,19.7119,20.0223,19.5567,19.7119,4173320
VIC,20130717,19.8671,20.1775,19.5567,19.8671,3892710
VIC,20130716,20.0223,20.1775,19.5567,19.8671,3291530
VIC,20130715,20.1775,20.3327,19.5567,20.0223,2470510
VIC,20130712,19.7119,20.1775,19.5567,20.1775,2300070
VIC,20130711,19.4015,19.7119,19.2463,19.7119,2499420
VIC,20130710,19.7119,19.7119,19.2463,19.4015,207760
VIC,20130709,19.2463,19.5567,19.2463,19.5567,280430
VIC,20130708,19.5567,19.5567,19.0911,19.2463,238650
VIC,20130705,19.7119,19.7119,19.4015,19.5567,144780
VIC,20130704,19.7119,20.0223,19.5567,19.5567,1982700
VIC,20130703,19.7119,19.8671,19.4015,19.7119,514930
VIC,20130702,19.2463,19.8672,19.0911,19.7119,413990
VIC,20130701,19.4015,19.4015,18.9359,19.0911,155160
VIC,20130628,19.5567,19.7119,19.4015,19.4015,320100
VIC,20130627,19.0911,19.5567,19.0911,19.5567,345020
VIC,20130626,19.0911,19.2463,18.6255,19.0911,1003120
VIC,20130625,19.4015,19.4015,18.4702,19.0911,946390
VIC,20130624,19.7119,19.8671,19.2463,19.4015,755930
VIC,20130621,19.5567,19.8671,19.4015,19.5567,635240
VIC,20130620,19.8671,20.0223,19.7119,19.7119,357810
VIC,20130619,20.1775,20.1775,19.8671,19.8671,951470
VIC,20130618,20.0223,20.1775,19.8671,19.8671,1364110
VIC,20130617,20.3327,20.3327,19.7119,19.8671,1538990
VIC,20130614,21.1088,21.1088,20.1775,20.1775,1565440
VIC,20130613,21.264,21.5744,20.7984,21.1088,643900
VIC,20130612,21.4192,21.7296,21.264,21.4192,650840
VIC,20130611,21.8849,21.8849,21.1089,21.264,1013170
VIC,20130610,22.3505,22.3505,21.7296,21.7297,1263220
VIC,20130607,21.264,21.5744,21.1088,21.5744,906520
VIC,20130606,21.4192,21.5744,21.264,21.264,549640
VIC,20130605,22.0401,22.0401,21.5745,21.5744,635050
VIC,20130604,22.8161,22.8161,22.1953,22.1953,2422400
VIC,20130603,21.1088,21.7296,20.7984,21.4192,183400
VIC,20130531,22.6609,22.6609,21.1088,21.1088,759040
VIC,20130530,22.8161,23.437,22.1953,22.1953,1325820
VIC,20130529,20.9536,22.1953,20.1776,22.1953,848370
VIC,20130528,20.7984,21.1088,20.6432,20.7984,243170
VIC,20130527,20.1775,20.9536,20.1775,20.7984,255140
VIC,20130524,19.8671,20.3327,19.8671,20.1775,355190
VIC,20130523,20.488,20.488,19.8672,19.8671,199720
VIC,20130522,19.8671,20.4879,19.8671,20.488,246700
VIC,20130521,19.5567,20.0223,19.5567,20.0223,31840
VIC,20130520,19.8671,19.8671,19.5567,19.8671,20020
VIC,20130517,19.8671,19.8671,19.7119,19.8671,41100
VIC,20130516,20.0223,20.0223,19.7119,19.7119,58710
VIC,20130515,20.0223,20.0223,19.7119,19.8671,115010
VIC,20130514,20.0223,20.0223,19.7119,20.0223,35240
VIC,20130513,19.8671,20.0223,19.5567,20.0223,82340
VIC,20130510,20.0223,20.1775,19.4015,19.8671,144130
VIC,20130509,19.7119,20.0223,19.7119,20.0223,61220
VIC,20130508,19.8671,20.0223,19.8671,20.0223,69240
VIC,20130507,19.8671,20.0223,19.7119,19.8671,340450
VIC,20130506,19.8671,20.0223,19.8671,19.8671,77570
VIC,20130503,19.4015,19.8671,19.4015,19.7119,73490
VIC,20130502,18.9359,19.8671,18.9359,19.7119,157650
VIC,20130426,18.9359,19.2463,18.9359,19.2463,82480
VIC,20130425,19.091,19.2462,18.9358,19.2463,59080
VIC,20130424,18.9359,19.0911,18.9359,18.9358,181360
VIC,20130423,19.091,19.091,18.7806,19.0911,90120
VIC,20130422,18.9359,19.0911,18.6255,18.9358,204960
VIC,20130418,18.7807,19.0911,18.6255,19.0911,463190
VIC,20130417,19.2463,19.5567,18.9359,19.2463,109460
VIC,20130416,18.9359,19.2463,18.4702,19.2463,246990
VIC,20130415,19.7119,19.7119,18.6254,19.2463,82290
VIC,20130412,19.8671,19.8671,19.4015,19.7119,98270
VIC,20130411,19.5567,19.8671,19.4015,19.8671,133050
VIC,20130410,19.8671,19.8671,19.5567,19.5567,505340
VIC,20130409,20.0223,20.1775,19.7119,19.8671,141820
VIC,20130408,20.4879,20.4879,20.0223,20.1775,99740
VIC,20130405,20.0223,20.3327,19.8671,20.1775,218290
VIC,20130404,20.1775,20.1775,19.4015,19.7119,116840
VIC,20130403,20.1776,20.488,19.7119,20.0223,124760
VIC,20130402,20.0224,20.488,20.0224,20.488,95700
VIC,20130401,19.8671,20.3327,19.7119,20.3328,88590
VIC,20130329,19.5567,19.8671,19.5567,19.7119,36080
VIC,20130328,20.1775,20.1775,19.5567,19.8671,135090
VIC,20130327,20.488,20.488,20.0224,20.0223,114830
VIC,20130326,20.7984,20.9536,20.488,20.488,154130
VIC,20130325,20.1775,20.7983,20.1775,20.6432,286920
VIC,20130322,20.3328,20.9536,20.1776,20.1775,210740
VIC,20130321,20.1775,20.4879,20.1775,20.3328,94400
VIC,20130320,19.8671,20.1775,19.8671,20.1775,61650
VIC,20130319,19.8671,20.3327,19.8671,20.0223,58810
VIC,20130318,20.3328,20.488,20.0224,20.0223,102710
VIC,20130315,20.0223,20.3327,19.8671,20.3328,415500
VIC,20130314,19.7119,19.8671,19.5567,19.8671,75210
VIC,20130313,20.0223,20.1775,19.5567,19.7119,144800
VIC,20130312,20.1776,20.3328,19.7119,19.7119,169070
VIC,20130311,20.1775,20.4879,20.0223,20.488,74730
VIC,20130308,20.1775,20.3327,20.0223,20.1775,73590
VIC,20130307,20.488,20.488,20.0224,20.0223,283370
VIC,20130306,21.1088,21.1088,20.3328,20.488,94290
VIC,20130305,20.9536,20.9536,20.488,20.488,201440
VIC,20130304,20.9536,21.7297,20.6432,21.1088,379190
VIC,20130301,21.1088,21.1088,20.488,20.488,132410
VIC,20130228,19.7119,20.9536,19.7119,20.7984,551700
VIC,20130227,19.4015,19.7119,19.2463,19.7119,115050
VIC,20130226,20.0223,20.0223,19.091,19.4015,145630
VIC,20130225,20.1775,20.1775,19.8671,20.1775,60860
VIC,20130222,20.1775,20.4879,19.7119,19.8671,109240
VIC,20130221,20.6432,20.7984,20.1776,20.1775,91840
VIC,20130220,20.9536,20.9536,20.6432,20.7984,145770
VIC,20130219,21.1088,21.1088,20.6432,20.7984,463190
VIC,20130218,20.9536,20.9536,20.488,20.488,117770
VIC,20130208,20.7984,21.1088,20.488,20.9536,96950
VIC,20130207,21.1088,21.1088,20.7984,20.9536,104460
